contrast_id	title	Geneid
C1_WT_NPN_vs_WT_PN	Эффект среды в WT: NPN vs PN	gene:FGSG_00492
C1_WT_NPN_vs_WT_PN	Эффект среды в WT: NPN vs PN	gene:FGSG_04692
C1_WT_NPN_vs_WT_PN	Эффект среды в WT: NPN vs PN	gene:FGSG_02658
C1_WT_NPN_vs_WT_PN	Эффект среды в WT: NPN vs PN	gene:FGSG_06711
C1_WT_NPN_vs_WT_PN	Эффект среды в WT: NPN vs PN	gene:FGSG_03011
C1_WT_NPN_vs_WT_PN	Эффект среды в WT: NPN vs PN	gene:FGSG_03442
C1_WT_NPN_vs_WT_PN	Эффект среды в WT: NPN vs PN	gene:FGSG_10145
C1_WT_NPN_vs_WT_PN	Эффект среды в WT: NPN vs PN	gene:FGSG_09722
C1_WT_NPN_vs_WT_PN	Эффект среды в WT: NPN vs PN	gene:FGSG_02570
C1_WT_NPN_vs_WT_PN	Эффект среды в WT: NPN vs PN	gene:FGSG_05004
C1_WT_NPN_vs_WT_PN	Эффект среды в WT: NPN vs PN	gene:FGSG_02460
C1_WT_NPN_vs_WT_PN	Эффект среды в WT: NPN vs PN	gene:FGSG_00590
C1_WT_NPN_vs_WT_PN	Эффект среды в WT: NPN vs PN	gene:FGSG_03687
C1_WT_NPN_vs_WT_PN	Эффект среды в WT: NPN vs PN	gene:FGSG_06188
C1_WT_NPN_vs_WT_PN	Эффект среды в WT: NPN vs PN	gene:FGSG_09930
C1_WT_NPN_vs_WT_PN	Эффект среды в WT: NPN vs PN	gene:FGSG_07075
C1_WT_NPN_vs_WT_PN	Эффект среды в WT: NPN vs PN	gene:FGSG_00574
C1_WT_NPN_vs_WT_PN	Эффект среды в WT: NPN vs PN	gene:FGSG_06799
C1_WT_NPN_vs_WT_PN	Эффект среды в WT: NPN vs PN	gene:FGSG_00629
C1_WT_NPN_vs_WT_PN	Эффект среды в WT: NPN vs PN	gene:FGSG_05784
C1_WT_NPN_vs_WT_PN	Эффект среды в WT: NPN vs PN	gene:FGSG_04213
C1_WT_NPN_vs_WT_PN	Эффект среды в WT: NPN vs PN	gene:FGSG_10019
C1_WT_NPN_vs_WT_PN	Эффект среды в WT: NPN vs PN	gene:FGSG_00702
C1_WT_NPN_vs_WT_PN	Эффект среды в WT: NPN vs PN	gene:FGSG_01245
C1_WT_NPN_vs_WT_PN	Эффект среды в WT: NPN vs PN	gene:FGSG_05890
C1_WT_NPN_vs_WT_PN	Эффект среды в WT: NPN vs PN	gene:FGSG_00217
C1_WT_NPN_vs_WT_PN	Эффект среды в WT: NPN vs PN	gene:FGSG_01881
C1_WT_NPN_vs_WT_PN	Эффект среды в WT: NPN vs PN	gene:FGSG_12577
C1_WT_NPN_vs_WT_PN	Эффект среды в WT: NPN vs PN	gene:FGSG_06055
C1_WT_NPN_vs_WT_PN	Эффект среды в WT: NPN vs PN	gene:FGSG_04343
C1_WT_NPN_vs_WT_PN	Эффект среды в WT: NPN vs PN	gene:FGSG_09136
C1_WT_NPN_vs_WT_PN	Эффект среды в WT: NPN vs PN	gene:FGSG_01109
C1_WT_NPN_vs_WT_PN	Эффект среды в WT: NPN vs PN	gene:FGSG_06784
C1_WT_NPN_vs_WT_PN	Эффект среды в WT: NPN vs PN	gene:FGSG_01095
C1_WT_NPN_vs_WT_PN	Эффект среды в WT: NPN vs PN	gene:FGSG_13549
C1_WT_NPN_vs_WT_PN	Эффект среды в WT: NPN vs PN	gene:FGSG_09864
C1_WT_NPN_vs_WT_PN	Эффект среды в WT: NPN vs PN	gene:FGSG_03417
C1_WT_NPN_vs_WT_PN	Эффект среды в WT: NPN vs PN	gene:FGSG_01393
C1_WT_NPN_vs_WT_PN	Эффект среды в WT: NPN vs PN	gene:FGSG_06359
C1_WT_NPN_vs_WT_PN	Эффект среды в WT: NPN vs PN	gene:FGSG_13018
C1_WT_NPN_vs_WT_PN	Эффект среды в WT: NPN vs PN	gene:FGSG_09454
C1_WT_NPN_vs_WT_PN	Эффект среды в WT: NPN vs PN	gene:FGSG_06426
C1_WT_NPN_vs_WT_PN	Эффект среды в WT: NPN vs PN	gene:FGSG_06473
C1_WT_NPN_vs_WT_PN	Эффект среды в WT: NPN vs PN	gene:FGSG_09643
C1_WT_NPN_vs_WT_PN	Эффект среды в WT: NPN vs PN	gene:FGSG_00950
C1_WT_NPN_vs_WT_PN	Эффект среды в WT: NPN vs PN	gene:FGSG_00493
C1_WT_NPN_vs_WT_PN	Эффект среды в WT: NPN vs PN	gene:FGSG_13313
C1_WT_NPN_vs_WT_PN	Эффект среды в WT: NPN vs PN	gene:FGSG_06881
C1_WT_NPN_vs_WT_PN	Эффект среды в WT: NPN vs PN	gene:FGSG_05133
C1_WT_NPN_vs_WT_PN	Эффект среды в WT: NPN vs PN	gene:FGSG_02095
C1_WT_NPN_vs_WT_PN	Эффект среды в WT: NPN vs PN	gene:FGSG_03787
C1_WT_NPN_vs_WT_PN	Эффект среды в WT: NPN vs PN	gene:FGSG_02441
C1_WT_NPN_vs_WT_PN	Эффект среды в WT: NPN vs PN	gene:FGSG_03242
C1_WT_NPN_vs_WT_PN	Эффект среды в WT: NPN vs PN	gene:FGSG_02320
C1_WT_NPN_vs_WT_PN	Эффект среды в WT: NPN vs PN	gene:FGSG_07995
C1_WT_NPN_vs_WT_PN	Эффект среды в WT: NPN vs PN	gene:FGSG_10964
C1_WT_NPN_vs_WT_PN	Эффект среды в WT: NPN vs PN	gene:FGSG_09956
C1_WT_NPN_vs_WT_PN	Эффект среды в WT: NPN vs PN	gene:FGSG_07252
C1_WT_NPN_vs_WT_PN	Эффект среды в WT: NPN vs PN	gene:FGSG_00945
C1_WT_NPN_vs_WT_PN	Эффект среды в WT: NPN vs PN	gene:FGSG_06837
C1_WT_NPN_vs_WT_PN	Эффект среды в WT: NPN vs PN	gene:FGSG_10234
C1_WT_NPN_vs_WT_PN	Эффект среды в WT: NPN vs PN	gene:FGSG_01405
C1_WT_NPN_vs_WT_PN	Эффект среды в WT: NPN vs PN	gene:FGSG_04310
C1_WT_NPN_vs_WT_PN	Эффект среды в WT: NPN vs PN	gene:FGSG_02732
C1_WT_NPN_vs_WT_PN	Эффект среды в WT: NPN vs PN	gene:FGSG_12030
C1_WT_NPN_vs_WT_PN	Эффект среды в WT: NPN vs PN	gene:FGSG_02053
C1_WT_NPN_vs_WT_PN	Эффект среды в WT: NPN vs PN	gene:FGSG_00288
C1_WT_NPN_vs_WT_PN	Эффект среды в WT: NPN vs PN	gene:FGSG_08805
C1_WT_NPN_vs_WT_PN	Эффект среды в WT: NPN vs PN	gene:FGSG_05328
C1_WT_NPN_vs_WT_PN	Эффект среды в WT: NPN vs PN	gene:FGSG_05381
C1_WT_NPN_vs_WT_PN	Эффект среды в WT: NPN vs PN	gene:FGSG_03997
C1_WT_NPN_vs_WT_PN	Эффект среды в WT: NPN vs PN	gene:FGSG_05394
C1_WT_NPN_vs_WT_PN	Эффект среды в WT: NPN vs PN	gene:FGSG_10962
C1_WT_NPN_vs_WT_PN	Эффект среды в WT: NPN vs PN	gene:FGSG_01265
C1_WT_NPN_vs_WT_PN	Эффект среды в WT: NPN vs PN	gene:FGSG_08582
C1_WT_NPN_vs_WT_PN	Эффект среды в WT: NPN vs PN	gene:FGSG_00363
C1_WT_NPN_vs_WT_PN	Эффект среды в WT: NPN vs PN	gene:FGSG_07621
C1_WT_NPN_vs_WT_PN	Эффект среды в WT: NPN vs PN	gene:FGSG_04479
C1_WT_NPN_vs_WT_PN	Эффект среды в WT: NPN vs PN	gene:FGSG_00866
C1_WT_NPN_vs_WT_PN	Эффект среды в WT: NPN vs PN	gene:FGSG_05591
C1_WT_NPN_vs_WT_PN	Эффект среды в WT: NPN vs PN	gene:FGSG_06606
C1_WT_NPN_vs_WT_PN	Эффект среды в WT: NPN vs PN	gene:FGSG_04579
C1_WT_NPN_vs_WT_PN	Эффект среды в WT: NPN vs PN	gene:FGSG_09753
C1_WT_NPN_vs_WT_PN	Эффект среды в WT: NPN vs PN	gene:FGSG_05096
C1_WT_NPN_vs_WT_PN	Эффект среды в WT: NPN vs PN	gene:FGSG_05188
C1_WT_NPN_vs_WT_PN	Эффект среды в WT: NPN vs PN	gene:FGSG_09231
C1_WT_NPN_vs_WT_PN	Эффект среды в WT: NPN vs PN	gene:FGSG_06859
C1_WT_NPN_vs_WT_PN	Эффект среды в WT: NPN vs PN	gene:FGSG_03078
C1_WT_NPN_vs_WT_PN	Эффект среды в WT: NPN vs PN	gene:FGSG_00819
C1_WT_NPN_vs_WT_PN	Эффект среды в WT: NPN vs PN	gene:FGSG_08352
C1_WT_NPN_vs_WT_PN	Эффект среды в WT: NPN vs PN	gene:FGSG_00882
C1_WT_NPN_vs_WT_PN	Эффект среды в WT: NPN vs PN	gene:FGSG_08380
C1_WT_NPN_vs_WT_PN	Эффект среды в WT: NPN vs PN	gene:FGSG_08365
C1_WT_NPN_vs_WT_PN	Эффект среды в WT: NPN vs PN	gene:FGSG_00852
C1_WT_NPN_vs_WT_PN	Эффект среды в WT: NPN vs PN	gene:FGSG_07205
C1_WT_NPN_vs_WT_PN	Эффект среды в WT: NPN vs PN	gene:FGSG_13380
C1_WT_NPN_vs_WT_PN	Эффект среды в WT: NPN vs PN	gene:FGSG_07423
C1_WT_NPN_vs_WT_PN	Эффект среды в WT: NPN vs PN	gene:FGSG_01206
C1_WT_NPN_vs_WT_PN	Эффект среды в WT: NPN vs PN	gene:FGSG_02801
C1_WT_NPN_vs_WT_PN	Эффект среды в WT: NPN vs PN	gene:FGSG_03786
C1_WT_NPN_vs_WT_PN	Эффект среды в WT: NPN vs PN	gene:FGSG_12026
C1_WT_NPN_vs_WT_PN	Эффект среды в WT: NPN vs PN	gene:FGSG_06619
C1_WT_NPN_vs_WT_PN	Эффект среды в WT: NPN vs PN	gene:FGSG_06815
C1_WT_NPN_vs_WT_PN	Эффект среды в WT: NPN vs PN	gene:FGSG_03127
C1_WT_NPN_vs_WT_PN	Эффект среды в WT: NPN vs PN	gene:FGSG_05323
C1_WT_NPN_vs_WT_PN	Эффект среды в WT: NPN vs PN	gene:FGSG_06163
C1_WT_NPN_vs_WT_PN	Эффект среды в WT: NPN vs PN	gene:FGSG_05308
C1_WT_NPN_vs_WT_PN	Эффект среды в WT: NPN vs PN	gene:FGSG_01242
C1_WT_NPN_vs_WT_PN	Эффект среды в WT: NPN vs PN	gene:FGSG_02279
C1_WT_NPN_vs_WT_PN	Эффект среды в WT: NPN vs PN	gene:FGSG_13194
C1_WT_NPN_vs_WT_PN	Эффект среды в WT: NPN vs PN	gene:FGSG_04897
C1_WT_NPN_vs_WT_PN	Эффект среды в WT: NPN vs PN	gene:FGSG_08605
C1_WT_NPN_vs_WT_PN	Эффект среды в WT: NPN vs PN	gene:FGSG_06534
C1_WT_NPN_vs_WT_PN	Эффект среды в WT: NPN vs PN	gene:FGSG_00185
C1_WT_NPN_vs_WT_PN	Эффект среды в WT: NPN vs PN	gene:FGSG_01283
C1_WT_NPN_vs_WT_PN	Эффект среды в WT: NPN vs PN	gene:FGSG_09772
C1_WT_NPN_vs_WT_PN	Эффект среды в WT: NPN vs PN	gene:FGSG_09282
C1_WT_NPN_vs_WT_PN	Эффект среды в WT: NPN vs PN	gene:FGSG_02967
C1_WT_NPN_vs_WT_PN	Эффект среды в WT: NPN vs PN	gene:FGSG_07150
C1_WT_NPN_vs_WT_PN	Эффект среды в WT: NPN vs PN	gene:FGSG_05127
C1_WT_NPN_vs_WT_PN	Эффект среды в WT: NPN vs PN	gene:FGSG_01521
C1_WT_NPN_vs_WT_PN	Эффект среды в WT: NPN vs PN	gene:FGSG_02125
C1_WT_NPN_vs_WT_PN	Эффект среды в WT: NPN vs PN	gene:FGSG_05644
C1_WT_NPN_vs_WT_PN	Эффект среды в WT: NPN vs PN	gene:FGSG_08223
C1_WT_NPN_vs_WT_PN	Эффект среды в WT: NPN vs PN	gene:FGSG_06817
C1_WT_NPN_vs_WT_PN	Эффект среды в WT: NPN vs PN	gene:FGSG_04170
C1_WT_NPN_vs_WT_PN	Эффект среды в WT: NPN vs PN	gene:FGSG_08066
C1_WT_NPN_vs_WT_PN	Эффект среды в WT: NPN vs PN	gene:FGSG_05584
C1_WT_NPN_vs_WT_PN	Эффект среды в WT: NPN vs PN	gene:FGSG_03121
C1_WT_NPN_vs_WT_PN	Эффект среды в WT: NPN vs PN	gene:FGSG_07451
C1_WT_NPN_vs_WT_PN	Эффект среды в WT: NPN vs PN	gene:FGSG_11067
C1_WT_NPN_vs_WT_PN	Эффект среды в WT: NPN vs PN	gene:FGSG_07386
C1_WT_NPN_vs_WT_PN	Эффект среды в WT: NPN vs PN	gene:FGSG_09669
C1_WT_NPN_vs_WT_PN	Эффект среды в WT: NPN vs PN	gene:FGSG_06748
C1_WT_NPN_vs_WT_PN	Эффект среды в WT: NPN vs PN	gene:FGSG_10374
C1_WT_NPN_vs_WT_PN	Эффект среды в WT: NPN vs PN	gene:FGSG_08947
C1_WT_NPN_vs_WT_PN	Эффект среды в WT: NPN vs PN	gene:FGSG_08685
C1_WT_NPN_vs_WT_PN	Эффект среды в WT: NPN vs PN	gene:FGSG_03990
C1_WT_NPN_vs_WT_PN	Эффект среды в WT: NPN vs PN	gene:FGSG_01939
C1_WT_NPN_vs_WT_PN	Эффект среды в WT: NPN vs PN	gene:FGSG_13536
C1_WT_NPN_vs_WT_PN	Эффект среды в WT: NPN vs PN	gene:FGSG_07086
C1_WT_NPN_vs_WT_PN	Эффект среды в WT: NPN vs PN	gene:FGSG_13492
C1_WT_NPN_vs_WT_PN	Эффект среды в WT: NPN vs PN	gene:FGSG_06662
C1_WT_NPN_vs_WT_PN	Эффект среды в WT: NPN vs PN	gene:FGSG_04086
C1_WT_NPN_vs_WT_PN	Эффект среды в WT: NPN vs PN	gene:FGSG_08843
C1_WT_NPN_vs_WT_PN	Эффект среды в WT: NPN vs PN	gene:FGSG_09330
C1_WT_NPN_vs_WT_PN	Эффект среды в WT: NPN vs PN	gene:FGSG_07622
C1_WT_NPN_vs_WT_PN	Эффект среды в WT: NPN vs PN	gene:FGSG_05789
C1_WT_NPN_vs_WT_PN	Эффект среды в WT: NPN vs PN	gene:FGSG_05613
C1_WT_NPN_vs_WT_PN	Эффект среды в WT: NPN vs PN	gene:FGSG_10012
C1_WT_NPN_vs_WT_PN	Эффект среды в WT: NPN vs PN	gene:FGSG_00801
C1_WT_NPN_vs_WT_PN	Эффект среды в WT: NPN vs PN	gene:FGSG_02941
C1_WT_NPN_vs_WT_PN	Эффект среды в WT: NPN vs PN	gene:FGSG_04322
C1_WT_NPN_vs_WT_PN	Эффект среды в WT: NPN vs PN	gene:FGSG_06997
C1_WT_NPN_vs_WT_PN	Эффект среды в WT: NPN vs PN	gene:FGSG_12255
C1_WT_NPN_vs_WT_PN	Эффект среды в WT: NPN vs PN	gene:FGSG_05886
C1_WT_NPN_vs_WT_PN	Эффект среды в WT: NPN vs PN	gene:FGSG_07256
C1_WT_NPN_vs_WT_PN	Эффект среды в WT: NPN vs PN	gene:FGSG_05685
C1_WT_NPN_vs_WT_PN	Эффект среды в WT: NPN vs PN	gene:FGSG_08001
C1_WT_NPN_vs_WT_PN	Эффект среды в WT: NPN vs PN	gene:FGSG_01995
C1_WT_NPN_vs_WT_PN	Эффект среды в WT: NPN vs PN	gene:FGSG_06231
C1_WT_NPN_vs_WT_PN	Эффект среды в WT: NPN vs PN	gene:FGSG_01469
C1_WT_NPN_vs_WT_PN	Эффект среды в WT: NPN vs PN	gene:FGSG_09382
C1_WT_NPN_vs_WT_PN	Эффект среды в WT: NPN vs PN	gene:FGSG_09008
C1_WT_NPN_vs_WT_PN	Эффект среды в WT: NPN vs PN	gene:FGSG_06439
C1_WT_NPN_vs_WT_PN	Эффект среды в WT: NPN vs PN	gene:FGSG_07882
C1_WT_NPN_vs_WT_PN	Эффект среды в WT: NPN vs PN	gene:FGSG_10284
C1_WT_NPN_vs_WT_PN	Эффект среды в WT: NPN vs PN	gene:FGSG_13856
C1_WT_NPN_vs_WT_PN	Эффект среды в WT: NPN vs PN	gene:FGSG_11573
C1_WT_NPN_vs_WT_PN	Эффект среды в WT: NPN vs PN	gene:FGSG_05761
C1_WT_NPN_vs_WT_PN	Эффект среды в WT: NPN vs PN	gene:FGSG_03154
C1_WT_NPN_vs_WT_PN	Эффект среды в WT: NPN vs PN	gene:FGSG_09843
C1_WT_NPN_vs_WT_PN	Эффект среды в WT: NPN vs PN	gene:FGSG_04000
C1_WT_NPN_vs_WT_PN	Эффект среды в WT: NPN vs PN	gene:FGSG_14001
C1_WT_NPN_vs_WT_PN	Эффект среды в WT: NPN vs PN	gene:FGSG_05357
C1_WT_NPN_vs_WT_PN	Эффект среды в WT: NPN vs PN	gene:FGSG_04966
C1_WT_NPN_vs_WT_PN	Эффект среды в WT: NPN vs PN	gene:FGSG_07847
C1_WT_NPN_vs_WT_PN	Эффект среды в WT: NPN vs PN	gene:FGSG_03554
C1_WT_NPN_vs_WT_PN	Эффект среды в WT: NPN vs PN	gene:FGSG_04234
C1_WT_NPN_vs_WT_PN	Эффект среды в WT: NPN vs PN	gene:FGSG_00177
C1_WT_NPN_vs_WT_PN	Эффект среды в WT: NPN vs PN	gene:FGSG_01455
C1_WT_NPN_vs_WT_PN	Эффект среды в WT: NPN vs PN	gene:FGSG_10543
C1_WT_NPN_vs_WT_PN	Эффект среды в WT: NPN vs PN	gene:FGSG_11832
C1_WT_NPN_vs_WT_PN	Эффект среды в WT: NPN vs PN	gene:FGSG_08937
C1_WT_NPN_vs_WT_PN	Эффект среды в WT: NPN vs PN	gene:FGSG_06017
C1_WT_NPN_vs_WT_PN	Эффект среды в WT: NPN vs PN	gene:FGSG_10803
C1_WT_NPN_vs_WT_PN	Эффект среды в WT: NPN vs PN	gene:FGSG_05288
C1_WT_NPN_vs_WT_PN	Эффект среды в WT: NPN vs PN	gene:FGSG_05060
C1_WT_NPN_vs_WT_PN	Эффект среды в WT: NPN vs PN	gene:FGSG_13444
C1_WT_NPN_vs_WT_PN	Эффект среды в WT: NPN vs PN	gene:FGSG_03928
C1_WT_NPN_vs_WT_PN	Эффект среды в WT: NPN vs PN	gene:FGSG_11116
C1_WT_NPN_vs_WT_PN	Эффект среды в WT: NPN vs PN	gene:FGSG_12869
C1_WT_NPN_vs_WT_PN	Эффект среды в WT: NPN vs PN	gene:FGSG_08252
C1_WT_NPN_vs_WT_PN	Эффект среды в WT: NPN vs PN	gene:FGSG_05157
C1_WT_NPN_vs_WT_PN	Эффект среды в WT: NPN vs PN	gene:FGSG_10423
C1_WT_NPN_vs_WT_PN	Эффект среды в WT: NPN vs PN	gene:FGSG_20635
C1_WT_NPN_vs_WT_PN	Эффект среды в WT: NPN vs PN	gene:FGSG_13716
C1_WT_NPN_vs_WT_PN	Эффект среды в WT: NPN vs PN	gene:FGSG_12950
C1_WT_NPN_vs_WT_PN	Эффект среды в WT: NPN vs PN	gene:FGSG_08878
C1_WT_NPN_vs_WT_PN	Эффект среды в WT: NPN vs PN	gene:FGSG_05077
C1_WT_NPN_vs_WT_PN	Эффект среды в WT: NPN vs PN	gene:FGSG_03667
C1_WT_NPN_vs_WT_PN	Эффект среды в WT: NPN vs PN	gene:FGSG_01294
C1_WT_NPN_vs_WT_PN	Эффект среды в WT: NPN vs PN	gene:FGSG_11100
C1_WT_NPN_vs_WT_PN	Эффект среды в WT: NPN vs PN	gene:FGSG_13210
C1_WT_NPN_vs_WT_PN	Эффект среды в WT: NPN vs PN	gene:FGSG_01304
C1_WT_NPN_vs_WT_PN	Эффект среды в WT: NPN vs PN	gene:FGSG_02715
C1_WT_NPN_vs_WT_PN	Эффект среды в WT: NPN vs PN	gene:FGSG_13478
C1_WT_NPN_vs_WT_PN	Эффект среды в WT: NPN vs PN	gene:FGSG_01666
C1_WT_NPN_vs_WT_PN	Эффект среды в WT: NPN vs PN	gene:FGSG_05326
C1_WT_NPN_vs_WT_PN	Эффект среды в WT: NPN vs PN	gene:FGSG_04071
C1_WT_NPN_vs_WT_PN	Эффект среды в WT: NPN vs PN	gene:FGSG_06038
C1_WT_NPN_vs_WT_PN	Эффект среды в WT: NPN vs PN	gene:FGSG_08432
C1_WT_NPN_vs_WT_PN	Эффект среды в WT: NPN vs PN	gene:FGSG_03199
C1_WT_NPN_vs_WT_PN	Эффект среды в WT: NPN vs PN	gene:FGSG_12111
C1_WT_NPN_vs_WT_PN	Эффект среды в WT: NPN vs PN	gene:FGSG_12398
C1_WT_NPN_vs_WT_PN	Эффект среды в WT: NPN vs PN	gene:FGSG_13242
C1_WT_NPN_vs_WT_PN	Эффект среды в WT: NPN vs PN	gene:FGSG_11924
C1_WT_NPN_vs_WT_PN	Эффект среды в WT: NPN vs PN	gene:FGSG_13132
C1_WT_NPN_vs_WT_PN	Эффект среды в WT: NPN vs PN	gene:FGSG_08323
C1_WT_NPN_vs_WT_PN	Эффект среды в WT: NPN vs PN	gene:FGSG_03344
C1_WT_NPN_vs_WT_PN	Эффект среды в WT: NPN vs PN	gene:FGSG_05944
C1_WT_NPN_vs_WT_PN	Эффект среды в WT: NPN vs PN	gene:FGSG_13350
C1_WT_NPN_vs_WT_PN	Эффект среды в WT: NPN vs PN	gene:FGSG_10533
C1_WT_NPN_vs_WT_PN	Эффект среды в WT: NPN vs PN	gene:FGSG_07719
C1_WT_NPN_vs_WT_PN	Эффект среды в WT: NPN vs PN	gene:FGSG_10099
C1_WT_NPN_vs_WT_PN	Эффект среды в WT: NPN vs PN	gene:FGSG_07378
C1_WT_NPN_vs_WT_PN	Эффект среды в WT: NPN vs PN	gene:FGSG_10592
C1_WT_NPN_vs_WT_PN	Эффект среды в WT: NPN vs PN	gene:FGSG_02668
C1_WT_NPN_vs_WT_PN	Эффект среды в WT: NPN vs PN	gene:FGSG_07832
C1_WT_NPN_vs_WT_PN	Эффект среды в WT: NPN vs PN	gene:FGSG_02039
C1_WT_NPN_vs_WT_PN	Эффект среды в WT: NPN vs PN	gene:FGSG_08175
C1_WT_NPN_vs_WT_PN	Эффект среды в WT: NPN vs PN	gene:FGSG_09075
C1_WT_NPN_vs_WT_PN	Эффект среды в WT: NPN vs PN	gene:FGSG_03812
C1_WT_NPN_vs_WT_PN	Эффект среды в WT: NPN vs PN	gene:FGSG_09277
C1_WT_NPN_vs_WT_PN	Эффект среды в WT: NPN vs PN	gene:FGSG_02538
C1_WT_NPN_vs_WT_PN	Эффект среды в WT: NPN vs PN	gene:FGSG_09804
C1_WT_NPN_vs_WT_PN	Эффект среды в WT: NPN vs PN	gene:FGSG_00956
C1_WT_NPN_vs_WT_PN	Эффект среды в WT: NPN vs PN	gene:FGSG_06050
C1_WT_NPN_vs_WT_PN	Эффект среды в WT: NPN vs PN	gene:FGSG_12558
C1_WT_NPN_vs_WT_PN	Эффект среды в WT: NPN vs PN	gene:FGSG_05324
C1_WT_NPN_vs_WT_PN	Эффект среды в WT: NPN vs PN	gene:FGSG_08010
C1_WT_NPN_vs_WT_PN	Эффект среды в WT: NPN vs PN	gene:FGSG_00593
C1_WT_NPN_vs_WT_PN	Эффект среды в WT: NPN vs PN	gene:FGSG_03351
C1_WT_NPN_vs_WT_PN	Эффект среды в WT: NPN vs PN	gene:FGSG_02093
C1_WT_NPN_vs_WT_PN	Эффект среды в WT: NPN vs PN	gene:FGSG_12314
C1_WT_NPN_vs_WT_PN	Эффект среды в WT: NPN vs PN	gene:FGSG_05839
C1_WT_NPN_vs_WT_PN	Эффект среды в WT: NPN vs PN	gene:FGSG_02932
C1_WT_NPN_vs_WT_PN	Эффект среды в WT: NPN vs PN	gene:FGSG_13531
C1_WT_NPN_vs_WT_PN	Эффект среды в WT: NPN vs PN	gene:FGSG_02490
C1_WT_NPN_vs_WT_PN	Эффект среды в WT: NPN vs PN	gene:FGSG_10083
C1_WT_NPN_vs_WT_PN	Эффект среды в WT: NPN vs PN	gene:FGSG_03309
C1_WT_NPN_vs_WT_PN	Эффект среды в WT: NPN vs PN	gene:FGSG_09291
C1_WT_NPN_vs_WT_PN	Эффект среды в WT: NPN vs PN	gene:FGSG_11343
C1_WT_NPN_vs_WT_PN	Эффект среды в WT: NPN vs PN	gene:FGSG_05597
C1_WT_NPN_vs_WT_PN	Эффект среды в WT: NPN vs PN	gene:FGSG_06238
C1_WT_NPN_vs_WT_PN	Эффект среды в WT: NPN vs PN	gene:FGSG_05695
C1_WT_NPN_vs_WT_PN	Эффект среды в WT: NPN vs PN	gene:FGSG_01538
C1_WT_NPN_vs_WT_PN	Эффект среды в WT: NPN vs PN	gene:FGSG_04529
C1_WT_NPN_vs_WT_PN	Эффект среды в WT: NPN vs PN	gene:FGSG_09173
C1_WT_NPN_vs_WT_PN	Эффект среды в WT: NPN vs PN	gene:FGSG_10536
C1_WT_NPN_vs_WT_PN	Эффект среды в WT: NPN vs PN	gene:FGSG_07936
C1_WT_NPN_vs_WT_PN	Эффект среды в WT: NPN vs PN	gene:FGSG_07568
C1_WT_NPN_vs_WT_PN	Эффект среды в WT: NPN vs PN	gene:FGSG_20586
C1_WT_NPN_vs_WT_PN	Эффект среды в WT: NPN vs PN	gene:FGSG_11853
C1_WT_NPN_vs_WT_PN	Эффект среды в WT: NPN vs PN	gene:FGSG_01771
C1_WT_NPN_vs_WT_PN	Эффект среды в WT: NPN vs PN	gene:FGSG_04609
C1_WT_NPN_vs_WT_PN	Эффект среды в WT: NPN vs PN	gene:FGSG_12621
C1_WT_NPN_vs_WT_PN	Эффект среды в WT: NPN vs PN	gene:FGSG_03002
C1_WT_NPN_vs_WT_PN	Эффект среды в WT: NPN vs PN	gene:FGSG_09698
C1_WT_NPN_vs_WT_PN	Эффект среды в WT: NPN vs PN	gene:FGSG_08107
C1_WT_NPN_vs_WT_PN	Эффект среды в WT: NPN vs PN	gene:FGSG_13677
C1_WT_NPN_vs_WT_PN	Эффект среды в WT: NPN vs PN	gene:FGSG_13233
C1_WT_NPN_vs_WT_PN	Эффект среды в WT: NPN vs PN	gene:FGSG_03944
C1_WT_NPN_vs_WT_PN	Эффект среды в WT: NPN vs PN	gene:FGSG_02569
C1_WT_NPN_vs_WT_PN	Эффект среды в WT: NPN vs PN	gene:FGSG_06829
C1_WT_NPN_vs_WT_PN	Эффект среды в WT: NPN vs PN	gene:FGSG_01608
C1_WT_NPN_vs_WT_PN	Эффект среды в WT: NPN vs PN	gene:FGSG_00619
C1_WT_NPN_vs_WT_PN	Эффект среды в WT: NPN vs PN	gene:FGSG_07061
C1_WT_NPN_vs_WT_PN	Эффект среды в WT: NPN vs PN	gene:FGSG_02858
C1_WT_NPN_vs_WT_PN	Эффект среды в WT: NPN vs PN	gene:FGSG_12739
C1_WT_NPN_vs_WT_PN	Эффект среды в WT: NPN vs PN	gene:FGSG_11056
C1_WT_NPN_vs_WT_PN	Эффект среды в WT: NPN vs PN	gene:FGSG_00101
C1_WT_NPN_vs_WT_PN	Эффект среды в WT: NPN vs PN	gene:FGSG_12374
C1_WT_NPN_vs_WT_PN	Эффект среды в WT: NPN vs PN	gene:FGSG_11895
C1_WT_NPN_vs_WT_PN	Эффект среды в WT: NPN vs PN	gene:FGSG_20732
C1_WT_NPN_vs_WT_PN	Эффект среды в WT: NPN vs PN	gene:FGSG_11337
C1_WT_NPN_vs_WT_PN	Эффект среды в WT: NPN vs PN	gene:FGSG_03831
C1_WT_NPN_vs_WT_PN	Эффект среды в WT: NPN vs PN	gene:FGSG_10014
C1_WT_NPN_vs_WT_PN	Эффект среды в WT: NPN vs PN	gene:FGSG_13491
C1_WT_NPN_vs_WT_PN	Эффект среды в WT: NPN vs PN	gene:FGSG_14022
C1_WT_NPN_vs_WT_PN	Эффект среды в WT: NPN vs PN	gene:FGSG_12384
C1_WT_NPN_vs_WT_PN	Эффект среды в WT: NPN vs PN	gene:FGSG_02023
C1_WT_NPN_vs_WT_PN	Эффект среды в WT: NPN vs PN	gene:FGSG_13874
C1_WT_NPN_vs_WT_PN	Эффект среды в WT: NPN vs PN	gene:FGSG_13330
C1_WT_NPN_vs_WT_PN	Эффект среды в WT: NPN vs PN	gene:FGSG_07895
C1_WT_NPN_vs_WT_PN	Эффект среды в WT: NPN vs PN	gene:FGSG_12910
C1_WT_NPN_vs_WT_PN	Эффект среды в WT: NPN vs PN	gene:FGSG_03410
C1_WT_NPN_vs_WT_PN	Эффект среды в WT: NPN vs PN	gene:FGSG_06011
C1_WT_NPN_vs_WT_PN	Эффект среды в WT: NPN vs PN	gene:FGSG_08698
C1_WT_NPN_vs_WT_PN	Эффект среды в WT: NPN vs PN	gene:FGSG_06213
C1_WT_NPN_vs_WT_PN	Эффект среды в WT: NPN vs PN	gene:FGSG_03391
C1_WT_NPN_vs_WT_PN	Эффект среды в WT: NPN vs PN	gene:FGSG_13926
C1_WT_NPN_vs_WT_PN	Эффект среды в WT: NPN vs PN	gene:FGSG_01997
C1_WT_NPN_vs_WT_PN	Эффект среды в WT: NPN vs PN	gene:FGSG_12746
C1_WT_NPN_vs_WT_PN	Эффект среды в WT: NPN vs PN	gene:FGSG_04224
C1_WT_NPN_vs_WT_PN	Эффект среды в WT: NPN vs PN	gene:FGSG_10328
C1_WT_NPN_vs_WT_PN	Эффект среды в WT: NPN vs PN	gene:FGSG_03066
C1_WT_NPN_vs_WT_PN	Эффект среды в WT: NPN vs PN	gene:FGSG_08402
C1_WT_NPN_vs_WT_PN	Эффект среды в WT: NPN vs PN	gene:FGSG_08743
C1_WT_NPN_vs_WT_PN	Эффект среды в WT: NPN vs PN	gene:FGSG_01789
C1_WT_NPN_vs_WT_PN	Эффект среды в WT: NPN vs PN	gene:FGSG_12470
C1_WT_NPN_vs_WT_PN	Эффект среды в WT: NPN vs PN	gene:FGSG_03016
C1_WT_NPN_vs_WT_PN	Эффект среды в WT: NPN vs PN	gene:FGSG_06253
C1_WT_NPN_vs_WT_PN	Эффект среды в WT: NPN vs PN	gene:FGSG_11335
C1_WT_NPN_vs_WT_PN	Эффект среды в WT: NPN vs PN	gene:FGSG_01680
C1_WT_NPN_vs_WT_PN	Эффект среды в WT: NPN vs PN	gene:FGSG_12879
C1_WT_NPN_vs_WT_PN	Эффект среды в WT: NPN vs PN	gene:FGSG_12885
C1_WT_NPN_vs_WT_PN	Эффект среды в WT: NPN vs PN	gene:FGSG_11780
C1_WT_NPN_vs_WT_PN	Эффект среды в WT: NPN vs PN	gene:FGSG_04158
C1_WT_NPN_vs_WT_PN	Эффект среды в WT: NPN vs PN	gene:FGSG_03578
C1_WT_NPN_vs_WT_PN	Эффект среды в WT: NPN vs PN	gene:FGSG_09118
C1_WT_NPN_vs_WT_PN	Эффект среды в WT: NPN vs PN	gene:FGSG_08289
C1_WT_NPN_vs_WT_PN	Эффект среды в WT: NPN vs PN	gene:FGSG_03817
C1_WT_NPN_vs_WT_PN	Эффект среды в WT: NPN vs PN	gene:FGSG_10166
C1_WT_NPN_vs_WT_PN	Эффект среды в WT: NPN vs PN	gene:FGSG_03001
C1_WT_NPN_vs_WT_PN	Эффект среды в WT: NPN vs PN	gene:FGSG_02332
C1_WT_NPN_vs_WT_PN	Эффект среды в WT: NPN vs PN	gene:FGSG_13920
C1_WT_NPN_vs_WT_PN	Эффект среды в WT: NPN vs PN	gene:FGSG_02998
C1_WT_NPN_vs_WT_PN	Эффект среды в WT: NPN vs PN	gene:FGSG_10545
C1_WT_NPN_vs_WT_PN	Эффект среды в WT: NPN vs PN	gene:FGSG_03284
C1_WT_NPN_vs_WT_PN	Эффект среды в WT: NPN vs PN	gene:FGSG_10909
C1_WT_NPN_vs_WT_PN	Эффект среды в WT: NPN vs PN	gene:FGSG_05232
C1_WT_NPN_vs_WT_PN	Эффект среды в WT: NPN vs PN	gene:FGSG_11839
C1_WT_NPN_vs_WT_PN	Эффект среды в WT: NPN vs PN	gene:FGSG_09826
C1_WT_NPN_vs_WT_PN	Эффект среды в WT: NPN vs PN	gene:FGSG_03610
C1_WT_NPN_vs_WT_PN	Эффект среды в WT: NPN vs PN	gene:FGSG_04517
C1_WT_NPN_vs_WT_PN	Эффект среды в WT: NPN vs PN	gene:FGSG_08978
C1_WT_NPN_vs_WT_PN	Эффект среды в WT: NPN vs PN	gene:FGSG_02987
C1_WT_NPN_vs_WT_PN	Эффект среды в WT: NPN vs PN	gene:FGSG_00517
C1_WT_NPN_vs_WT_PN	Эффект среды в WT: NPN vs PN	gene:FGSG_10806
C1_WT_NPN_vs_WT_PN	Эффект среды в WT: NPN vs PN	gene:FGSG_00020
C1_WT_NPN_vs_WT_PN	Эффект среды в WT: NPN vs PN	gene:FGSG_00392
C1_WT_NPN_vs_WT_PN	Эффект среды в WT: NPN vs PN	gene:FGSG_12050
C1_WT_NPN_vs_WT_PN	Эффект среды в WT: NPN vs PN	gene:FGSG_03719
C1_WT_NPN_vs_WT_PN	Эффект среды в WT: NPN vs PN	gene:FGSG_10324
C1_WT_NPN_vs_WT_PN	Эффект среды в WT: NPN vs PN	gene:FGSG_04850
C1_WT_NPN_vs_WT_PN	Эффект среды в WT: NPN vs PN	gene:FGSG_13311
C1_WT_NPN_vs_WT_PN	Эффект среды в WT: NPN vs PN	gene:FGSG_07221
C1_WT_NPN_vs_WT_PN	Эффект среды в WT: NPN vs PN	gene:FGSG_12796
C1_WT_NPN_vs_WT_PN	Эффект среды в WT: NPN vs PN	gene:FGSG_07834
C1_WT_NPN_vs_WT_PN	Эффект среды в WT: NPN vs PN	gene:FGSG_11943
C1_WT_NPN_vs_WT_PN	Эффект среды в WT: NPN vs PN	gene:FGSG_08093
C1_WT_NPN_vs_WT_PN	Эффект среды в WT: NPN vs PN	gene:FGSG_09345
C1_WT_NPN_vs_WT_PN	Эффект среды в WT: NPN vs PN	gene:FGSG_12987
C1_WT_NPN_vs_WT_PN	Эффект среды в WT: NPN vs PN	gene:FGSG_11252
C1_WT_NPN_vs_WT_PN	Эффект среды в WT: NPN vs PN	gene:FGSG_03370
C1_WT_NPN_vs_WT_PN	Эффект среды в WT: NPN vs PN	gene:FGSG_13636
C1_WT_NPN_vs_WT_PN	Эффект среды в WT: NPN vs PN	gene:FGSG_06465
C1_WT_NPN_vs_WT_PN	Эффект среды в WT: NPN vs PN	gene:FGSG_13847
C1_WT_NPN_vs_WT_PN	Эффект среды в WT: NPN vs PN	gene:FGSG_01734
C1_WT_NPN_vs_WT_PN	Эффект среды в WT: NPN vs PN	gene:FGSG_02748
C1_WT_NPN_vs_WT_PN	Эффект среды в WT: NPN vs PN	gene:FGSG_04348
C1_WT_NPN_vs_WT_PN	Эффект среды в WT: NPN vs PN	gene:FGSG_00144
C1_WT_NPN_vs_WT_PN	Эффект среды в WT: NPN vs PN	gene:FGSG_00256
C1_WT_NPN_vs_WT_PN	Эффект среды в WT: NPN vs PN	gene:FGSG_09825
C1_WT_NPN_vs_WT_PN	Эффект среды в WT: NPN vs PN	gene:FGSG_03233
C1_WT_NPN_vs_WT_PN	Эффект среды в WT: NPN vs PN	gene:FGSG_07741
C1_WT_NPN_vs_WT_PN	Эффект среды в WT: NPN vs PN	gene:FGSG_13573
C1_WT_NPN_vs_WT_PN	Эффект среды в WT: NPN vs PN	gene:FGSG_08861
C1_WT_NPN_vs_WT_PN	Эффект среды в WT: NPN vs PN	gene:FGSG_12613
C1_WT_NPN_vs_WT_PN	Эффект среды в WT: NPN vs PN	gene:FGSG_01140
C1_WT_NPN_vs_WT_PN	Эффект среды в WT: NPN vs PN	gene:FGSG_12771
C1_WT_NPN_vs_WT_PN	Эффект среды в WT: NPN vs PN	gene:FGSG_06541
C1_WT_NPN_vs_WT_PN	Эффект среды в WT: NPN vs PN	gene:FGSG_20048
C1_WT_NPN_vs_WT_PN	Эффект среды в WT: NPN vs PN	gene:FGSG_03873
C1_WT_NPN_vs_WT_PN	Эффект среды в WT: NPN vs PN	gene:FGSG_05577
C1_WT_NPN_vs_WT_PN	Эффект среды в WT: NPN vs PN	gene:FGSG_07790
C1_WT_NPN_vs_WT_PN	Эффект среды в WT: NPN vs PN	gene:FGSG_13055
C1_WT_NPN_vs_WT_PN	Эффект среды в WT: NPN vs PN	gene:FGSG_06235
C1_WT_NPN_vs_WT_PN	Эффект среды в WT: NPN vs PN	gene:FGSG_09813
C1_WT_NPN_vs_WT_PN	Эффект среды в WT: NPN vs PN	gene:FGSG_14035
C1_WT_NPN_vs_WT_PN	Эффект среды в WT: NPN vs PN	gene:FGSG_08022
C1_WT_NPN_vs_WT_PN	Эффект среды в WT: NPN vs PN	gene:FGSG_05246
C1_WT_NPN_vs_WT_PN	Эффект среды в WT: NPN vs PN	gene:FGSG_03139
C1_WT_NPN_vs_WT_PN	Эффект среды в WT: NPN vs PN	gene:FGSG_04377
C1_WT_NPN_vs_WT_PN	Эффект среды в WT: NPN vs PN	gene:FGSG_09211
C1_WT_NPN_vs_WT_PN	Эффект среды в WT: NPN vs PN	gene:FGSG_05055
C1_WT_NPN_vs_WT_PN	Эффект среды в WT: NPN vs PN	gene:FGSG_05919
C1_WT_NPN_vs_WT_PN	Эффект среды в WT: NPN vs PN	gene:FGSG_12096
C1_WT_NPN_vs_WT_PN	Эффект среды в WT: NPN vs PN	gene:FGSG_07489
C1_WT_NPN_vs_WT_PN	Эффект среды в WT: NPN vs PN	gene:FGSG_06332
C1_WT_NPN_vs_WT_PN	Эффект среды в WT: NPN vs PN	gene:FGSG_05716
C1_WT_NPN_vs_WT_PN	Эффект среды в WT: NPN vs PN	gene:FGSG_00311
C1_WT_NPN_vs_WT_PN	Эффект среды в WT: NPN vs PN	gene:FGSG_12509
C1_WT_NPN_vs_WT_PN	Эффект среды в WT: NPN vs PN	gene:FGSG_13381
C1_WT_NPN_vs_WT_PN	Эффект среды в WT: NPN vs PN	gene:FGSG_06916
C1_WT_NPN_vs_WT_PN	Эффект среды в WT: NPN vs PN	gene:FGSG_01758
C1_WT_NPN_vs_WT_PN	Эффект среды в WT: NPN vs PN	gene:FGSG_08983
C1_WT_NPN_vs_WT_PN	Эффект среды в WT: NPN vs PN	gene:FGSG_13062
C1_WT_NPN_vs_WT_PN	Эффект среды в WT: NPN vs PN	gene:FGSG_08363
C1_WT_NPN_vs_WT_PN	Эффект среды в WT: NPN vs PN	gene:FGSG_06442
C1_WT_NPN_vs_WT_PN	Эффект среды в WT: NPN vs PN	gene:FGSG_20787
C1_WT_NPN_vs_WT_PN	Эффект среды в WT: NPN vs PN	gene:FGSG_11166
C1_WT_NPN_vs_WT_PN	Эффект среды в WT: NPN vs PN	gene:FGSG_06548
C1_WT_NPN_vs_WT_PN	Эффект среды в WT: NPN vs PN	gene:FGSG_00479
C1_WT_NPN_vs_WT_PN	Эффект среды в WT: NPN vs PN	gene:FGSG_10653
C1_WT_NPN_vs_WT_PN	Эффект среды в WT: NPN vs PN	gene:FGSG_04630
C1_WT_NPN_vs_WT_PN	Эффект среды в WT: NPN vs PN	gene:FGSG_04767
C1_WT_NPN_vs_WT_PN	Эффект среды в WT: NPN vs PN	gene:FGSG_03218
C1_WT_NPN_vs_WT_PN	Эффект среды в WT: NPN vs PN	gene:FGSG_13247
C1_WT_NPN_vs_WT_PN	Эффект среды в WT: NPN vs PN	gene:FGSG_04777
C1_WT_NPN_vs_WT_PN	Эффект среды в WT: NPN vs PN	gene:FGSG_09473
C1_WT_NPN_vs_WT_PN	Эффект среды в WT: NPN vs PN	gene:FGSG_00880
C1_WT_NPN_vs_WT_PN	Эффект среды в WT: NPN vs PN	gene:FGSG_02357
C1_WT_NPN_vs_WT_PN	Эффект среды в WT: NPN vs PN	gene:FGSG_11863
C1_WT_NPN_vs_WT_PN	Эффект среды в WT: NPN vs PN	gene:FGSG_03297
C1_WT_NPN_vs_WT_PN	Эффект среды в WT: NPN vs PN	gene:FGSG_08206
C1_WT_NPN_vs_WT_PN	Эффект среды в WT: NPN vs PN	gene:FGSG_13862
C1_WT_NPN_vs_WT_PN	Эффект среды в WT: NPN vs PN	gene:FGSG_11286
C1_WT_NPN_vs_WT_PN	Эффект среды в WT: NPN vs PN	gene:FGSG_13100
C1_WT_NPN_vs_WT_PN	Эффект среды в WT: NPN vs PN	gene:FGSG_10143
C1_WT_NPN_vs_WT_PN	Эффект среды в WT: NPN vs PN	gene:FGSG_03647
C1_WT_NPN_vs_WT_PN	Эффект среды в WT: NPN vs PN	gene:FGSG_02180
C1_WT_NPN_vs_WT_PN	Эффект среды в WT: NPN vs PN	gene:FGSG_09025
C1_WT_NPN_vs_WT_PN	Эффект среды в WT: NPN vs PN	gene:FGSG_02182
C1_WT_NPN_vs_WT_PN	Эффект среды в WT: NPN vs PN	gene:FGSG_06452
C1_WT_NPN_vs_WT_PN	Эффект среды в WT: NPN vs PN	gene:FGSG_11317
C1_WT_NPN_vs_WT_PN	Эффект среды в WT: NPN vs PN	gene:FGSG_09302
C1_WT_NPN_vs_WT_PN	Эффект среды в WT: NPN vs PN	gene:FGSG_09311
C1_WT_NPN_vs_WT_PN	Эффект среды в WT: NPN vs PN	gene:FGSG_13249
C1_WT_NPN_vs_WT_PN	Эффект среды в WT: NPN vs PN	gene:FGSG_02917
C1_WT_NPN_vs_WT_PN	Эффект среды в WT: NPN vs PN	gene:FGSG_11785
C1_WT_NPN_vs_WT_PN	Эффект среды в WT: NPN vs PN	gene:FGSG_09470
C1_WT_NPN_vs_WT_PN	Эффект среды в WT: NPN vs PN	gene:FGSG_08295
C1_WT_NPN_vs_WT_PN	Эффект среды в WT: NPN vs PN	gene:FGSG_11377
C1_WT_NPN_vs_WT_PN	Эффект среды в WT: NPN vs PN	gene:FGSG_11125
C1_WT_NPN_vs_WT_PN	Эффект среды в WT: NPN vs PN	gene:FGSG_12350
C1_WT_NPN_vs_WT_PN	Эффект среды в WT: NPN vs PN	gene:FGSG_12073
C1_WT_NPN_vs_WT_PN	Эффект среды в WT: NPN vs PN	gene:FGSG_01239
C1_WT_NPN_vs_WT_PN	Эффект среды в WT: NPN vs PN	gene:FGSG_12838
C1_WT_NPN_vs_WT_PN	Эффект среды в WT: NPN vs PN	gene:FGSG_06656
C1_WT_NPN_vs_WT_PN	Эффект среды в WT: NPN vs PN	gene:FGSG_03878
C1_WT_NPN_vs_WT_PN	Эффект среды в WT: NPN vs PN	gene:FGSG_12401
C1_WT_NPN_vs_WT_PN	Эффект среды в WT: NPN vs PN	gene:FGSG_03117
C1_WT_NPN_vs_WT_PN	Эффект среды в WT: NPN vs PN	gene:FGSG_12146
C1_WT_NPN_vs_WT_PN	Эффект среды в WT: NPN vs PN	gene:FGSG_07599
C1_WT_NPN_vs_WT_PN	Эффект среды в WT: NPN vs PN	gene:FGSG_08002
C1_WT_NPN_vs_WT_PN	Эффект среды в WT: NPN vs PN	gene:FGSG_01192
C1_WT_NPN_vs_WT_PN	Эффект среды в WT: NPN vs PN	gene:FGSG_13435
C1_WT_NPN_vs_WT_PN	Эффект среды в WT: NPN vs PN	gene:FGSG_10013
C1_WT_NPN_vs_WT_PN	Эффект среды в WT: NPN vs PN	gene:FGSG_12722
C1_WT_NPN_vs_WT_PN	Эффект среды в WT: NPN vs PN	gene:FGSG_11571
C1_WT_NPN_vs_WT_PN	Эффект среды в WT: NPN vs PN	gene:FGSG_00062
C1_WT_NPN_vs_WT_PN	Эффект среды в WT: NPN vs PN	gene:FGSG_10773
C1_WT_NPN_vs_WT_PN	Эффект среды в WT: NPN vs PN	gene:FGSG_10960
C1_WT_NPN_vs_WT_PN	Эффект среды в WT: NPN vs PN	gene:FGSG_11818
C1_WT_NPN_vs_WT_PN	Эффект среды в WT: NPN vs PN	gene:FGSG_11161
C1_WT_NPN_vs_WT_PN	Эффект среды в WT: NPN vs PN	gene:FGSG_02587
C1_WT_NPN_vs_WT_PN	Эффект среды в WT: NPN vs PN	gene:FGSG_10414
C1_WT_NPN_vs_WT_PN	Эффект среды в WT: NPN vs PN	gene:FGSG_09682
C1_WT_NPN_vs_WT_PN	Эффект среды в WT: NPN vs PN	gene:FGSG_07552
C1_WT_NPN_vs_WT_PN	Эффект среды в WT: NPN vs PN	gene:FGSG_11806
C1_WT_NPN_vs_WT_PN	Эффект среды в WT: NPN vs PN	gene:FGSG_13755
C1_WT_NPN_vs_WT_PN	Эффект среды в WT: NPN vs PN	gene:FGSG_11996
C1_WT_NPN_vs_WT_PN	Эффект среды в WT: NPN vs PN	gene:FGSG_04431
C1_WT_NPN_vs_WT_PN	Эффект среды в WT: NPN vs PN	gene:FGSG_08269
C1_WT_NPN_vs_WT_PN	Эффект среды в WT: NPN vs PN	gene:FGSG_12196
C1_WT_NPN_vs_WT_PN	Эффект среды в WT: NPN vs PN	gene:FGSG_13198
C1_WT_NPN_vs_WT_PN	Эффект среды в WT: NPN vs PN	gene:FGSG_00876
C1_WT_NPN_vs_WT_PN	Эффект среды в WT: NPN vs PN	gene:FGSG_02983
C1_WT_NPN_vs_WT_PN	Эффект среды в WT: NPN vs PN	gene:FGSG_02924
C1_WT_NPN_vs_WT_PN	Эффект среды в WT: NPN vs PN	gene:FGSG_13974
C1_WT_NPN_vs_WT_PN	Эффект среды в WT: NPN vs PN	gene:FGSG_07230
C1_WT_NPN_vs_WT_PN	Эффект среды в WT: NPN vs PN	gene:FGSG_07904
C1_WT_NPN_vs_WT_PN	Эффект среды в WT: NPN vs PN	gene:FGSG_07824
C1_WT_NPN_vs_WT_PN	Эффект среды в WT: NPN vs PN	gene:FGSG_03606
C1_WT_NPN_vs_WT_PN	Эффект среды в WT: NPN vs PN	gene:FGSG_11350
C1_WT_NPN_vs_WT_PN	Эффект среды в WT: NPN vs PN	gene:FGSG_03024
C1_WT_NPN_vs_WT_PN	Эффект среды в WT: NPN vs PN	gene:FGSG_00038
C1_WT_NPN_vs_WT_PN	Эффект среды в WT: NPN vs PN	gene:FGSG_02654
C1_WT_NPN_vs_WT_PN	Эффект среды в WT: NPN vs PN	gene:FGSG_12957
C1_WT_NPN_vs_WT_PN	Эффект среды в WT: NPN vs PN	gene:FGSG_03579
C1_WT_NPN_vs_WT_PN	Эффект среды в WT: NPN vs PN	gene:FGSG_03604
C1_WT_NPN_vs_WT_PN	Эффект среды в WT: NPN vs PN	gene:FGSG_06399
C1_WT_NPN_vs_WT_PN	Эффект среды в WT: NPN vs PN	gene:FGSG_10671
C1_WT_NPN_vs_WT_PN	Эффект среды в WT: NPN vs PN	gene:FGSG_20675
C1_WT_NPN_vs_WT_PN	Эффект среды в WT: NPN vs PN	gene:FGSG_06592
C1_WT_NPN_vs_WT_PN	Эффект среды в WT: NPN vs PN	gene:FGSG_08371
C1_WT_NPN_vs_WT_PN	Эффект среды в WT: NPN vs PN	gene:FGSG_03360
C1_WT_NPN_vs_WT_PN	Эффект среды в WT: NPN vs PN	gene:FGSG_08992
C1_WT_NPN_vs_WT_PN	Эффект среды в WT: NPN vs PN	gene:FGSG_05576
C1_WT_NPN_vs_WT_PN	Эффект среды в WT: NPN vs PN	gene:FGSG_02808
C1_WT_NPN_vs_WT_PN	Эффект среды в WT: NPN vs PN	gene:FGSG_04739
C1_WT_NPN_vs_WT_PN	Эффект среды в WT: NPN vs PN	gene:FGSG_13061
C2_DoubleMutant_NPN_vs_DoubleMutant_PN	Эффект среды в ΔΔ: NPN vs PN	gene:FGSG_08596
C2_DoubleMutant_NPN_vs_DoubleMutant_PN	Эффект среды в ΔΔ: NPN vs PN	gene:FGSG_05950
C2_DoubleMutant_NPN_vs_DoubleMutant_PN	Эффект среды в ΔΔ: NPN vs PN	gene:FGSG_07335
C2_DoubleMutant_NPN_vs_DoubleMutant_PN	Эффект среды в ΔΔ: NPN vs PN	gene:FGSG_03017
C2_DoubleMutant_NPN_vs_DoubleMutant_PN	Эффект среды в ΔΔ: NPN vs PN	gene:FGSG_13299
C2_DoubleMutant_NPN_vs_DoubleMutant_PN	Эффект среды в ΔΔ: NPN vs PN	gene:FGSG_00376
C2_DoubleMutant_NPN_vs_DoubleMutant_PN	Эффект среды в ΔΔ: NPN vs PN	gene:FGSG_08906
C2_DoubleMutant_NPN_vs_DoubleMutant_PN	Эффект среды в ΔΔ: NPN vs PN	gene:FGSG_05132
C2_DoubleMutant_NPN_vs_DoubleMutant_PN	Эффект среды в ΔΔ: NPN vs PN	gene:FGSG_01198
C2_DoubleMutant_NPN_vs_DoubleMutant_PN	Эффект среды в ΔΔ: NPN vs PN	gene:FGSG_01057
C2_DoubleMutant_NPN_vs_DoubleMutant_PN	Эффект среды в ΔΔ: NPN vs PN	gene:FGSG_13136
C2_DoubleMutant_NPN_vs_DoubleMutant_PN	Эффект среды в ΔΔ: NPN vs PN	gene:FGSG_02771
C2_DoubleMutant_NPN_vs_DoubleMutant_PN	Эффект среды в ΔΔ: NPN vs PN	gene:FGSG_05436
C2_DoubleMutant_NPN_vs_DoubleMutant_PN	Эффект среды в ΔΔ: NPN vs PN	gene:FGSG_07382
C2_DoubleMutant_NPN_vs_DoubleMutant_PN	Эффект среды в ΔΔ: NPN vs PN	gene:FGSG_06069
C2_DoubleMutant_NPN_vs_DoubleMutant_PN	Эффект среды в ΔΔ: NPN vs PN	gene:FGSG_12534
C2_DoubleMutant_NPN_vs_DoubleMutant_PN	Эффект среды в ΔΔ: NPN vs PN	gene:FGSG_00719
C2_DoubleMutant_NPN_vs_DoubleMutant_PN	Эффект среды в ΔΔ: NPN vs PN	gene:FGSG_01152
C2_DoubleMutant_NPN_vs_DoubleMutant_PN	Эффект среды в ΔΔ: NPN vs PN	gene:FGSG_00367
C2_DoubleMutant_NPN_vs_DoubleMutant_PN	Эффект среды в ΔΔ: NPN vs PN	gene:FGSG_01605
C2_DoubleMutant_NPN_vs_DoubleMutant_PN	Эффект среды в ΔΔ: NPN vs PN	gene:FGSG_07306
C2_DoubleMutant_NPN_vs_DoubleMutant_PN	Эффект среды в ΔΔ: NPN vs PN	gene:FGSG_13118
C2_DoubleMutant_NPN_vs_DoubleMutant_PN	Эффект среды в ΔΔ: NPN vs PN	gene:FGSG_06809
C2_DoubleMutant_NPN_vs_DoubleMutant_PN	Эффект среды в ΔΔ: NPN vs PN	gene:FGSG_07312
C2_DoubleMutant_NPN_vs_DoubleMutant_PN	Эффект среды в ΔΔ: NPN vs PN	gene:FGSG_01163
C2_DoubleMutant_NPN_vs_DoubleMutant_PN	Эффект среды в ΔΔ: NPN vs PN	gene:FGSG_06844
C2_DoubleMutant_NPN_vs_DoubleMutant_PN	Эффект среды в ΔΔ: NPN vs PN	gene:FGSG_07237
C2_DoubleMutant_NPN_vs_DoubleMutant_PN	Эффект среды в ΔΔ: NPN vs PN	gene:FGSG_01974
C2_DoubleMutant_NPN_vs_DoubleMutant_PN	Эффект среды в ΔΔ: NPN vs PN	gene:FGSG_10125
C2_DoubleMutant_NPN_vs_DoubleMutant_PN	Эффект среды в ΔΔ: NPN vs PN	gene:FGSG_10067
C2_DoubleMutant_NPN_vs_DoubleMutant_PN	Эффект среды в ΔΔ: NPN vs PN	gene:FGSG_09012
C2_DoubleMutant_NPN_vs_DoubleMutant_PN	Эффект среды в ΔΔ: NPN vs PN	gene:FGSG_09869
C2_DoubleMutant_NPN_vs_DoubleMutant_PN	Эффект среды в ΔΔ: NPN vs PN	gene:FGSG_04423
C2_DoubleMutant_NPN_vs_DoubleMutant_PN	Эффект среды в ΔΔ: NPN vs PN	gene:FGSG_07284
C2_DoubleMutant_NPN_vs_DoubleMutant_PN	Эффект среды в ΔΔ: NPN vs PN	gene:FGSG_08780
C2_DoubleMutant_NPN_vs_DoubleMutant_PN	Эффект среды в ΔΔ: NPN vs PN	gene:FGSG_06810
C2_DoubleMutant_NPN_vs_DoubleMutant_PN	Эффект среды в ΔΔ: NPN vs PN	gene:FGSG_01161
C2_DoubleMutant_NPN_vs_DoubleMutant_PN	Эффект среды в ΔΔ: NPN vs PN	gene:FGSG_06159
C2_DoubleMutant_NPN_vs_DoubleMutant_PN	Эффект среды в ΔΔ: NPN vs PN	gene:FGSG_01064
C2_DoubleMutant_NPN_vs_DoubleMutant_PN	Эффект среды в ΔΔ: NPN vs PN	gene:FGSG_10002
C2_DoubleMutant_NPN_vs_DoubleMutant_PN	Эффект среды в ΔΔ: NPN vs PN	gene:FGSG_00583
C2_DoubleMutant_NPN_vs_DoubleMutant_PN	Эффект среды в ΔΔ: NPN vs PN	gene:FGSG_00642
C2_DoubleMutant_NPN_vs_DoubleMutant_PN	Эффект среды в ΔΔ: NPN vs PN	gene:FGSG_13099
C2_DoubleMutant_NPN_vs_DoubleMutant_PN	Эффект среды в ΔΔ: NPN vs PN	gene:FGSG_06282
C2_DoubleMutant_NPN_vs_DoubleMutant_PN	Эффект среды в ΔΔ: NPN vs PN	gene:FGSG_04327
C2_DoubleMutant_NPN_vs_DoubleMutant_PN	Эффект среды в ΔΔ: NPN vs PN	gene:FGSG_01160
C2_DoubleMutant_NPN_vs_DoubleMutant_PN	Эффект среды в ΔΔ: NPN vs PN	gene:FGSG_05610
C2_DoubleMutant_NPN_vs_DoubleMutant_PN	Эффект среды в ΔΔ: NPN vs PN	gene:FGSG_10819
C2_DoubleMutant_NPN_vs_DoubleMutant_PN	Эффект среды в ΔΔ: NPN vs PN	gene:FGSG_02703
C2_DoubleMutant_NPN_vs_DoubleMutant_PN	Эффект среды в ΔΔ: NPN vs PN	gene:FGSG_06646
C2_DoubleMutant_NPN_vs_DoubleMutant_PN	Эффект среды в ΔΔ: NPN vs PN	gene:FGSG_07465
C2_DoubleMutant_NPN_vs_DoubleMutant_PN	Эффект среды в ΔΔ: NPN vs PN	gene:FGSG_09776
C2_DoubleMutant_NPN_vs_DoubleMutant_PN	Эффект среды в ΔΔ: NPN vs PN	gene:FGSG_10280
C2_DoubleMutant_NPN_vs_DoubleMutant_PN	Эффект среды в ΔΔ: NPN vs PN	gene:FGSG_10069
C2_DoubleMutant_NPN_vs_DoubleMutant_PN	Эффект среды в ΔΔ: NPN vs PN	gene:FGSG_07054
C2_DoubleMutant_NPN_vs_DoubleMutant_PN	Эффект среды в ΔΔ: NPN vs PN	gene:FGSG_05997
C2_DoubleMutant_NPN_vs_DoubleMutant_PN	Эффект среды в ΔΔ: NPN vs PN	gene:FGSG_09032
C2_DoubleMutant_NPN_vs_DoubleMutant_PN	Эффект среды в ΔΔ: NPN vs PN	gene:FGSG_00464
C2_DoubleMutant_NPN_vs_DoubleMutant_PN	Эффект среды в ΔΔ: NPN vs PN	gene:FGSG_01013
C2_DoubleMutant_NPN_vs_DoubleMutant_PN	Эффект среды в ΔΔ: NPN vs PN	gene:FGSG_08313
C2_DoubleMutant_NPN_vs_DoubleMutant_PN	Эффект среды в ΔΔ: NPN vs PN	gene:FGSG_10922
C2_DoubleMutant_NPN_vs_DoubleMutant_PN	Эффект среды в ΔΔ: NPN vs PN	gene:FGSG_01372
C2_DoubleMutant_NPN_vs_DoubleMutant_PN	Эффект среды в ΔΔ: NPN vs PN	gene:FGSG_08172
C2_DoubleMutant_NPN_vs_DoubleMutant_PN	Эффект среды в ΔΔ: NPN vs PN	gene:FGSG_04103
C2_DoubleMutant_NPN_vs_DoubleMutant_PN	Эффект среды в ΔΔ: NPN vs PN	gene:FGSG_04107
C2_DoubleMutant_NPN_vs_DoubleMutant_PN	Эффект среды в ΔΔ: NPN vs PN	gene:FGSG_00320
C2_DoubleMutant_NPN_vs_DoubleMutant_PN	Эффект среды в ΔΔ: NPN vs PN	gene:FGSG_05844
C2_DoubleMutant_NPN_vs_DoubleMutant_PN	Эффект среды в ΔΔ: NPN vs PN	gene:FGSG_05598
C2_DoubleMutant_NPN_vs_DoubleMutant_PN	Эффект среды в ΔΔ: NPN vs PN	gene:FGSG_02952
C2_DoubleMutant_NPN_vs_DoubleMutant_PN	Эффект среды в ΔΔ: NPN vs PN	gene:FGSG_09135
C2_DoubleMutant_NPN_vs_DoubleMutant_PN	Эффект среды в ΔΔ: NPN vs PN	gene:FGSG_08490
C2_DoubleMutant_NPN_vs_DoubleMutant_PN	Эффект среды в ΔΔ: NPN vs PN	gene:FGSG_06057
C2_DoubleMutant_NPN_vs_DoubleMutant_PN	Эффект среды в ΔΔ: NPN vs PN	gene:FGSG_10209
C2_DoubleMutant_NPN_vs_DoubleMutant_PN	Эффект среды в ΔΔ: NPN vs PN	gene:FGSG_02530
C2_DoubleMutant_NPN_vs_DoubleMutant_PN	Эффект среды в ΔΔ: NPN vs PN	gene:FGSG_00926
C2_DoubleMutant_NPN_vs_DoubleMutant_PN	Эффект среды в ΔΔ: NPN vs PN	gene:FGSG_01392
C2_DoubleMutant_NPN_vs_DoubleMutant_PN	Эффект среды в ΔΔ: NPN vs PN	gene:FGSG_09897
C2_DoubleMutant_NPN_vs_DoubleMutant_PN	Эффект среды в ΔΔ: NPN vs PN	gene:FGSG_02157
C2_DoubleMutant_NPN_vs_DoubleMutant_PN	Эффект среды в ΔΔ: NPN vs PN	gene:FGSG_09848
C2_DoubleMutant_NPN_vs_DoubleMutant_PN	Эффект среды в ΔΔ: NPN vs PN	gene:FGSG_04121
C2_DoubleMutant_NPN_vs_DoubleMutant_PN	Эффект среды в ΔΔ: NPN vs PN	gene:FGSG_04181
C2_DoubleMutant_NPN_vs_DoubleMutant_PN	Эффект среды в ΔΔ: NPN vs PN	gene:FGSG_00499
C2_DoubleMutant_NPN_vs_DoubleMutant_PN	Эффект среды в ΔΔ: NPN vs PN	gene:FGSG_09221
C2_DoubleMutant_NPN_vs_DoubleMutant_PN	Эффект среды в ΔΔ: NPN vs PN	gene:FGSG_07196
C2_DoubleMutant_NPN_vs_DoubleMutant_PN	Эффект среды в ΔΔ: NPN vs PN	gene:FGSG_09928
C2_DoubleMutant_NPN_vs_DoubleMutant_PN	Эффект среды в ΔΔ: NPN vs PN	gene:FGSG_10959
C2_DoubleMutant_NPN_vs_DoubleMutant_PN	Эффект среды в ΔΔ: NPN vs PN	gene:FGSG_07380
C2_DoubleMutant_NPN_vs_DoubleMutant_PN	Эффект среды в ΔΔ: NPN vs PN	gene:FGSG_05012
C2_DoubleMutant_NPN_vs_DoubleMutant_PN	Эффект среды в ΔΔ: NPN vs PN	gene:FGSG_10807
C2_DoubleMutant_NPN_vs_DoubleMutant_PN	Эффект среды в ΔΔ: NPN vs PN	gene:FGSG_06886
C2_DoubleMutant_NPN_vs_DoubleMutant_PN	Эффект среды в ΔΔ: NPN vs PN	gene:FGSG_09418
C2_DoubleMutant_NPN_vs_DoubleMutant_PN	Эффект среды в ΔΔ: NPN vs PN	gene:FGSG_06281
C2_DoubleMutant_NPN_vs_DoubleMutant_PN	Эффект среды в ΔΔ: NPN vs PN	gene:FGSG_00510
C2_DoubleMutant_NPN_vs_DoubleMutant_PN	Эффект среды в ΔΔ: NPN vs PN	gene:FGSG_02584
C2_DoubleMutant_NPN_vs_DoubleMutant_PN	Эффект среды в ΔΔ: NPN vs PN	gene:FGSG_07110
C2_DoubleMutant_NPN_vs_DoubleMutant_PN	Эффект среды в ΔΔ: NPN vs PN	gene:FGSG_05282
C2_DoubleMutant_NPN_vs_DoubleMutant_PN	Эффект среды в ΔΔ: NPN vs PN	gene:FGSG_00883
C2_DoubleMutant_NPN_vs_DoubleMutant_PN	Эффект среды в ΔΔ: NPN vs PN	gene:FGSG_06311
C2_DoubleMutant_NPN_vs_DoubleMutant_PN	Эффект среды в ΔΔ: NPN vs PN	gene:FGSG_08827
C2_DoubleMutant_NPN_vs_DoubleMutant_PN	Эффект среды в ΔΔ: NPN vs PN	gene:FGSG_10117
C2_DoubleMutant_NPN_vs_DoubleMutant_PN	Эффект среды в ΔΔ: NPN vs PN	gene:FGSG_10344
C2_DoubleMutant_NPN_vs_DoubleMutant_PN	Эффект среды в ΔΔ: NPN vs PN	gene:FGSG_10949
C2_DoubleMutant_NPN_vs_DoubleMutant_PN	Эффект среды в ΔΔ: NPN vs PN	gene:FGSG_00743
C2_DoubleMutant_NPN_vs_DoubleMutant_PN	Эффект среды в ΔΔ: NPN vs PN	gene:FGSG_01329
C2_DoubleMutant_NPN_vs_DoubleMutant_PN	Эффект среды в ΔΔ: NPN vs PN	gene:FGSG_09712
C2_DoubleMutant_NPN_vs_DoubleMutant_PN	Эффект среды в ΔΔ: NPN vs PN	gene:FGSG_04041
C2_DoubleMutant_NPN_vs_DoubleMutant_PN	Эффект среды в ΔΔ: NPN vs PN	gene:FGSG_05963
C2_DoubleMutant_NPN_vs_DoubleMutant_PN	Эффект среды в ΔΔ: NPN vs PN	gene:FGSG_10105
C2_DoubleMutant_NPN_vs_DoubleMutant_PN	Эффект среды в ΔΔ: NPN vs PN	gene:FGSG_10724
C2_DoubleMutant_NPN_vs_DoubleMutant_PN	Эффект среды в ΔΔ: NPN vs PN	gene:FGSG_13111
C2_DoubleMutant_NPN_vs_DoubleMutant_PN	Эффект среды в ΔΔ: NPN vs PN	gene:FGSG_00355
C2_DoubleMutant_NPN_vs_DoubleMutant_PN	Эффект среды в ΔΔ: NPN vs PN	gene:FGSG_00562
C2_DoubleMutant_NPN_vs_DoubleMutant_PN	Эффект среды в ΔΔ: NPN vs PN	gene:FGSG_07071
C2_DoubleMutant_NPN_vs_DoubleMutant_PN	Эффект среды в ΔΔ: NPN vs PN	gene:FGSG_10036
C2_DoubleMutant_NPN_vs_DoubleMutant_PN	Эффект среды в ΔΔ: NPN vs PN	gene:FGSG_00654
C2_DoubleMutant_NPN_vs_DoubleMutant_PN	Эффект среды в ΔΔ: NPN vs PN	gene:FGSG_00200
C2_DoubleMutant_NPN_vs_DoubleMutant_PN	Эффект среды в ΔΔ: NPN vs PN	gene:FGSG_09482
C2_DoubleMutant_NPN_vs_DoubleMutant_PN	Эффект среды в ΔΔ: NPN vs PN	gene:FGSG_13502
C2_DoubleMutant_NPN_vs_DoubleMutant_PN	Эффект среды в ΔΔ: NPN vs PN	gene:FGSG_04108
C2_DoubleMutant_NPN_vs_DoubleMutant_PN	Эффект среды в ΔΔ: NPN vs PN	gene:FGSG_00176
C2_DoubleMutant_NPN_vs_DoubleMutant_PN	Эффект среды в ΔΔ: NPN vs PN	gene:FGSG_03993
C2_DoubleMutant_NPN_vs_DoubleMutant_PN	Эффект среды в ΔΔ: NPN vs PN	gene:FGSG_06268
C2_DoubleMutant_NPN_vs_DoubleMutant_PN	Эффект среды в ΔΔ: NPN vs PN	gene:FGSG_05053
C2_DoubleMutant_NPN_vs_DoubleMutant_PN	Эффект среды в ΔΔ: NPN vs PN	gene:FGSG_05627
C2_DoubleMutant_NPN_vs_DoubleMutant_PN	Эффект среды в ΔΔ: NPN vs PN	gene:FGSG_05153
C2_DoubleMutant_NPN_vs_DoubleMutant_PN	Эффект среды в ΔΔ: NPN vs PN	gene:FGSG_06792
C2_DoubleMutant_NPN_vs_DoubleMutant_PN	Эффект среды в ΔΔ: NPN vs PN	gene:FGSG_09295
C2_DoubleMutant_NPN_vs_DoubleMutant_PN	Эффект среды в ΔΔ: NPN vs PN	gene:FGSG_06379
C2_DoubleMutant_NPN_vs_DoubleMutant_PN	Эффект среды в ΔΔ: NPN vs PN	gene:FGSG_00598
C2_DoubleMutant_NPN_vs_DoubleMutant_PN	Эффект среды в ΔΔ: NPN vs PN	gene:FGSG_10123
C2_DoubleMutant_NPN_vs_DoubleMutant_PN	Эффект среды в ΔΔ: NPN vs PN	gene:FGSG_09938
C2_DoubleMutant_NPN_vs_DoubleMutant_PN	Эффект среды в ΔΔ: NPN vs PN	gene:FGSG_05668
C2_DoubleMutant_NPN_vs_DoubleMutant_PN	Эффект среды в ΔΔ: NPN vs PN	gene:FGSG_00872
C2_DoubleMutant_NPN_vs_DoubleMutant_PN	Эффект среды в ΔΔ: NPN vs PN	gene:FGSG_02728
C2_DoubleMutant_NPN_vs_DoubleMutant_PN	Эффект среды в ΔΔ: NPN vs PN	gene:FGSG_09303
C2_DoubleMutant_NPN_vs_DoubleMutant_PN	Эффект среды в ΔΔ: NPN vs PN	gene:FGSG_09721
C2_DoubleMutant_NPN_vs_DoubleMutant_PN	Эффект среды в ΔΔ: NPN vs PN	gene:FGSG_09333
C2_DoubleMutant_NPN_vs_DoubleMutant_PN	Эффект среды в ΔΔ: NPN vs PN	gene:FGSG_01164
C2_DoubleMutant_NPN_vs_DoubleMutant_PN	Эффект среды в ΔΔ: NPN vs PN	gene:FGSG_01215
C2_DoubleMutant_NPN_vs_DoubleMutant_PN	Эффект среды в ΔΔ: NPN vs PN	gene:FGSG_07114
C2_DoubleMutant_NPN_vs_DoubleMutant_PN	Эффект среды в ΔΔ: NPN vs PN	gene:FGSG_05114
C2_DoubleMutant_NPN_vs_DoubleMutant_PN	Эффект среды в ΔΔ: NPN vs PN	gene:FGSG_04370
C2_DoubleMutant_NPN_vs_DoubleMutant_PN	Эффект среды в ΔΔ: NPN vs PN	gene:FGSG_07948
C2_DoubleMutant_NPN_vs_DoubleMutant_PN	Эффект среды в ΔΔ: NPN vs PN	gene:FGSG_05407
C2_DoubleMutant_NPN_vs_DoubleMutant_PN	Эффект среды в ΔΔ: NPN vs PN	gene:FGSG_01267
C2_DoubleMutant_NPN_vs_DoubleMutant_PN	Эффект среды в ΔΔ: NPN vs PN	gene:FGSG_00553
C2_DoubleMutant_NPN_vs_DoubleMutant_PN	Эффект среды в ΔΔ: NPN vs PN	gene:FGSG_08550
C2_DoubleMutant_NPN_vs_DoubleMutant_PN	Эффект среды в ΔΔ: NPN vs PN	gene:FGSG_00428
C2_DoubleMutant_NPN_vs_DoubleMutant_PN	Эффект среды в ΔΔ: NPN vs PN	gene:FGSG_00565
C2_DoubleMutant_NPN_vs_DoubleMutant_PN	Эффект среды в ΔΔ: NPN vs PN	gene:FGSG_04128
C2_DoubleMutant_NPN_vs_DoubleMutant_PN	Эффект среды в ΔΔ: NPN vs PN	gene:FGSG_06800
C2_DoubleMutant_NPN_vs_DoubleMutant_PN	Эффект среды в ΔΔ: NPN vs PN	gene:FGSG_02797
C2_DoubleMutant_NPN_vs_DoubleMutant_PN	Эффект среды в ΔΔ: NPN vs PN	gene:FGSG_05973
C2_DoubleMutant_NPN_vs_DoubleMutant_PN	Эффект среды в ΔΔ: NPN vs PN	gene:FGSG_04445
C2_DoubleMutant_NPN_vs_DoubleMutant_PN	Эффект среды в ΔΔ: NPN vs PN	gene:FGSG_08819
C2_DoubleMutant_NPN_vs_DoubleMutant_PN	Эффект среды в ΔΔ: NPN vs PN	gene:FGSG_03998
C2_DoubleMutant_NPN_vs_DoubleMutant_PN	Эффект среды в ΔΔ: NPN vs PN	gene:FGSG_01950
C2_DoubleMutant_NPN_vs_DoubleMutant_PN	Эффект среды в ΔΔ: NPN vs PN	gene:FGSG_04069
C2_DoubleMutant_NPN_vs_DoubleMutant_PN	Эффект среды в ΔΔ: NPN vs PN	gene:FGSG_06929
C2_DoubleMutant_NPN_vs_DoubleMutant_PN	Эффект среды в ΔΔ: NPN vs PN	gene:FGSG_00346
C2_DoubleMutant_NPN_vs_DoubleMutant_PN	Эффект среды в ΔΔ: NPN vs PN	gene:FGSG_13585
C2_DoubleMutant_NPN_vs_DoubleMutant_PN	Эффект среды в ΔΔ: NPN vs PN	gene:FGSG_04393
C2_DoubleMutant_NPN_vs_DoubleMutant_PN	Эффект среды в ΔΔ: NPN vs PN	gene:FGSG_10313
C2_DoubleMutant_NPN_vs_DoubleMutant_PN	Эффект среды в ΔΔ: NPN vs PN	gene:FGSG_10810
C2_DoubleMutant_NPN_vs_DoubleMutant_PN	Эффект среды в ΔΔ: NPN vs PN	gene:FGSG_07517
C2_DoubleMutant_NPN_vs_DoubleMutant_PN	Эффект среды в ΔΔ: NPN vs PN	gene:FGSG_06908
C2_DoubleMutant_NPN_vs_DoubleMutant_PN	Эффект среды в ΔΔ: NPN vs PN	gene:FGSG_07234
C2_DoubleMutant_NPN_vs_DoubleMutant_PN	Эффект среды в ΔΔ: NPN vs PN	gene:FGSG_08277
C2_DoubleMutant_NPN_vs_DoubleMutant_PN	Эффект среды в ΔΔ: NPN vs PN	gene:FGSG_02335
C2_DoubleMutant_NPN_vs_DoubleMutant_PN	Эффект среды в ΔΔ: NPN vs PN	gene:FGSG_04026
C2_DoubleMutant_NPN_vs_DoubleMutant_PN	Эффект среды в ΔΔ: NPN vs PN	gene:FGSG_06156
C2_DoubleMutant_NPN_vs_DoubleMutant_PN	Эффект среды в ΔΔ: NPN vs PN	gene:FGSG_01643
C2_DoubleMutant_NPN_vs_DoubleMutant_PN	Эффект среды в ΔΔ: NPN vs PN	gene:FGSG_06858
C2_DoubleMutant_NPN_vs_DoubleMutant_PN	Эффект среды в ΔΔ: NPN vs PN	gene:FGSG_08689
C2_DoubleMutant_NPN_vs_DoubleMutant_PN	Эффект среды в ΔΔ: NPN vs PN	gene:FGSG_06590
C2_DoubleMutant_NPN_vs_DoubleMutant_PN	Эффект среды в ΔΔ: NPN vs PN	gene:FGSG_01273
C2_DoubleMutant_NPN_vs_DoubleMutant_PN	Эффект среды в ΔΔ: NPN vs PN	gene:FGSG_07166
C2_DoubleMutant_NPN_vs_DoubleMutant_PN	Эффект среды в ΔΔ: NPN vs PN	gene:FGSG_00623
C2_DoubleMutant_NPN_vs_DoubleMutant_PN	Эффект среды в ΔΔ: NPN vs PN	gene:FGSG_06577
C2_DoubleMutant_NPN_vs_DoubleMutant_PN	Эффект среды в ΔΔ: NPN vs PN	gene:FGSG_09507
C2_DoubleMutant_NPN_vs_DoubleMutant_PN	Эффект среды в ΔΔ: NPN vs PN	gene:FGSG_05191
C2_DoubleMutant_NPN_vs_DoubleMutant_PN	Эффект среды в ΔΔ: NPN vs PN	gene:FGSG_09284
C2_DoubleMutant_NPN_vs_DoubleMutant_PN	Эффект среды в ΔΔ: NPN vs PN	gene:FGSG_01562
C2_DoubleMutant_NPN_vs_DoubleMutant_PN	Эффект среды в ΔΔ: NPN vs PN	gene:FGSG_06347
C2_DoubleMutant_NPN_vs_DoubleMutant_PN	Эффект среды в ΔΔ: NPN vs PN	gene:FGSG_10871
C2_DoubleMutant_NPN_vs_DoubleMutant_PN	Эффект среды в ΔΔ: NPN vs PN	gene:FGSG_12681
C2_DoubleMutant_NPN_vs_DoubleMutant_PN	Эффект среды в ΔΔ: NPN vs PN	gene:FGSG_00898
C2_DoubleMutant_NPN_vs_DoubleMutant_PN	Эффект среды в ΔΔ: NPN vs PN	gene:FGSG_13072
C2_DoubleMutant_NPN_vs_DoubleMutant_PN	Эффект среды в ΔΔ: NPN vs PN	gene:FGSG_00661
C2_DoubleMutant_NPN_vs_DoubleMutant_PN	Эффект среды в ΔΔ: NPN vs PN	gene:FGSG_04084
C2_DoubleMutant_NPN_vs_DoubleMutant_PN	Эффект среды в ΔΔ: NPN vs PN	gene:FGSG_07101
C2_DoubleMutant_NPN_vs_DoubleMutant_PN	Эффект среды в ΔΔ: NPN vs PN	gene:FGSG_00316
C2_DoubleMutant_NPN_vs_DoubleMutant_PN	Эффект среды в ΔΔ: NPN vs PN	gene:FGSG_11902
C2_DoubleMutant_NPN_vs_DoubleMutant_PN	Эффект среды в ΔΔ: NPN vs PN	gene:FGSG_08558
C2_DoubleMutant_NPN_vs_DoubleMutant_PN	Эффект среды в ΔΔ: NPN vs PN	gene:FGSG_06147
C2_DoubleMutant_NPN_vs_DoubleMutant_PN	Эффект среды в ΔΔ: NPN vs PN	gene:FGSG_06642
C2_DoubleMutant_NPN_vs_DoubleMutant_PN	Эффект среды в ΔΔ: NPN vs PN	gene:FGSG_02630
C2_DoubleMutant_NPN_vs_DoubleMutant_PN	Эффект среды в ΔΔ: NPN vs PN	gene:FGSG_03132
C2_DoubleMutant_NPN_vs_DoubleMutant_PN	Эффект среды в ΔΔ: NPN vs PN	gene:FGSG_04366
C2_DoubleMutant_NPN_vs_DoubleMutant_PN	Эффект среды в ΔΔ: NPN vs PN	gene:FGSG_04805
C2_DoubleMutant_NPN_vs_DoubleMutant_PN	Эффект среды в ΔΔ: NPN vs PN	gene:FGSG_01552
C2_DoubleMutant_NPN_vs_DoubleMutant_PN	Эффект среды в ΔΔ: NPN vs PN	gene:FGSG_07014
C2_DoubleMutant_NPN_vs_DoubleMutant_PN	Эффект среды в ΔΔ: NPN vs PN	gene:FGSG_07307
C2_DoubleMutant_NPN_vs_DoubleMutant_PN	Эффект среды в ΔΔ: NPN vs PN	gene:FGSG_05421
C2_DoubleMutant_NPN_vs_DoubleMutant_PN	Эффект среды в ΔΔ: NPN vs PN	gene:FGSG_01480
C2_DoubleMutant_NPN_vs_DoubleMutant_PN	Эффект среды в ΔΔ: NPN vs PN	gene:FGSG_07447
C2_DoubleMutant_NPN_vs_DoubleMutant_PN	Эффект среды в ΔΔ: NPN vs PN	gene:FGSG_02352
C2_DoubleMutant_NPN_vs_DoubleMutant_PN	Эффект среды в ΔΔ: NPN vs PN	gene:FGSG_07289
C2_DoubleMutant_NPN_vs_DoubleMutant_PN	Эффект среды в ΔΔ: NPN vs PN	gene:FGSG_10017
C2_DoubleMutant_NPN_vs_DoubleMutant_PN	Эффект среды в ΔΔ: NPN vs PN	gene:FGSG_07466
C2_DoubleMutant_NPN_vs_DoubleMutant_PN	Эффект среды в ΔΔ: NPN vs PN	gene:FGSG_04890
C2_DoubleMutant_NPN_vs_DoubleMutant_PN	Эффект среды в ΔΔ: NPN vs PN	gene:FGSG_10974
C2_DoubleMutant_NPN_vs_DoubleMutant_PN	Эффект среды в ΔΔ: NPN vs PN	gene:FGSG_02529
C2_DoubleMutant_NPN_vs_DoubleMutant_PN	Эффект среды в ΔΔ: NPN vs PN	gene:FGSG_00837
C2_DoubleMutant_NPN_vs_DoubleMutant_PN	Эффект среды в ΔΔ: NPN vs PN	gene:FGSG_01463
C2_DoubleMutant_NPN_vs_DoubleMutant_PN	Эффект среды в ΔΔ: NPN vs PN	gene:FGSG_02247
C2_DoubleMutant_NPN_vs_DoubleMutant_PN	Эффект среды в ΔΔ: NPN vs PN	gene:FGSG_08498
C2_DoubleMutant_NPN_vs_DoubleMutant_PN	Эффект среды в ΔΔ: NPN vs PN	gene:FGSG_04397
C2_DoubleMutant_NPN_vs_DoubleMutant_PN	Эффект среды в ΔΔ: NPN vs PN	gene:FGSG_06790
C2_DoubleMutant_NPN_vs_DoubleMutant_PN	Эффект среды в ΔΔ: NPN vs PN	gene:FGSG_01907
C2_DoubleMutant_NPN_vs_DoubleMutant_PN	Эффект среды в ΔΔ: NPN vs PN	gene:FGSG_01311
C2_DoubleMutant_NPN_vs_DoubleMutant_PN	Эффект среды в ΔΔ: NPN vs PN	gene:FGSG_08378
C2_DoubleMutant_NPN_vs_DoubleMutant_PN	Эффект среды в ΔΔ: NPN vs PN	gene:FGSG_13586
C2_DoubleMutant_NPN_vs_DoubleMutant_PN	Эффект среды в ΔΔ: NPN vs PN	gene:FGSG_09251
C2_DoubleMutant_NPN_vs_DoubleMutant_PN	Эффект среды в ΔΔ: NPN vs PN	gene:FGSG_10742
C2_DoubleMutant_NPN_vs_DoubleMutant_PN	Эффект среды в ΔΔ: NPN vs PN	gene:FGSG_06739
C2_DoubleMutant_NPN_vs_DoubleMutant_PN	Эффект среды в ΔΔ: NPN vs PN	gene:FGSG_01957
C2_DoubleMutant_NPN_vs_DoubleMutant_PN	Эффект среды в ΔΔ: NPN vs PN	gene:FGSG_08130
C2_DoubleMutant_NPN_vs_DoubleMutant_PN	Эффект среды в ΔΔ: NPN vs PN	gene:FGSG_01317
C2_DoubleMutant_NPN_vs_DoubleMutant_PN	Эффект среды в ΔΔ: NPN vs PN	gene:FGSG_04131
C2_DoubleMutant_NPN_vs_DoubleMutant_PN	Эффект среды в ΔΔ: NPN vs PN	gene:FGSG_12046
C2_DoubleMutant_NPN_vs_DoubleMutant_PN	Эффект среды в ΔΔ: NPN vs PN	gene:FGSG_01623
C2_DoubleMutant_NPN_vs_DoubleMutant_PN	Эффект среды в ΔΔ: NPN vs PN	gene:FGSG_05301
C2_DoubleMutant_NPN_vs_DoubleMutant_PN	Эффект среды в ΔΔ: NPN vs PN	gene:FGSG_09508
C2_DoubleMutant_NPN_vs_DoubleMutant_PN	Эффект среды в ΔΔ: NPN vs PN	gene:FGSG_01167
C2_DoubleMutant_NPN_vs_DoubleMutant_PN	Эффект среды в ΔΔ: NPN vs PN	gene:FGSG_10817
C2_DoubleMutant_NPN_vs_DoubleMutant_PN	Эффект среды в ΔΔ: NPN vs PN	gene:FGSG_10137
C2_DoubleMutant_NPN_vs_DoubleMutant_PN	Эффект среды в ΔΔ: NPN vs PN	gene:FGSG_10140
C2_DoubleMutant_NPN_vs_DoubleMutant_PN	Эффект среды в ΔΔ: NPN vs PN	gene:FGSG_08695
C2_DoubleMutant_NPN_vs_DoubleMutant_PN	Эффект среды в ΔΔ: NPN vs PN	gene:FGSG_10965
C2_DoubleMutant_NPN_vs_DoubleMutant_PN	Эффект среды в ΔΔ: NPN vs PN	gene:FGSG_06111
C2_DoubleMutant_NPN_vs_DoubleMutant_PN	Эффект среды в ΔΔ: NPN vs PN	gene:FGSG_00468
C2_DoubleMutant_NPN_vs_DoubleMutant_PN	Эффект среды в ΔΔ: NPN vs PN	gene:FGSG_06942
C2_DoubleMutant_NPN_vs_DoubleMutant_PN	Эффект среды в ΔΔ: NPN vs PN	gene:FGSG_09401
C2_DoubleMutant_NPN_vs_DoubleMutant_PN	Эффект среды в ΔΔ: NPN vs PN	gene:FGSG_10874
C2_DoubleMutant_NPN_vs_DoubleMutant_PN	Эффект среды в ΔΔ: NPN vs PN	gene:FGSG_02037
C2_DoubleMutant_NPN_vs_DoubleMutant_PN	Эффект среды в ΔΔ: NPN vs PN	gene:FGSG_10068
C2_DoubleMutant_NPN_vs_DoubleMutant_PN	Эффект среды в ΔΔ: NPN vs PN	gene:FGSG_02416
C2_DoubleMutant_NPN_vs_DoubleMutant_PN	Эффект среды в ΔΔ: NPN vs PN	gene:FGSG_08545
C2_DoubleMutant_NPN_vs_DoubleMutant_PN	Эффект среды в ΔΔ: NPN vs PN	gene:FGSG_00409
C2_DoubleMutant_NPN_vs_DoubleMutant_PN	Эффект среды в ΔΔ: NPN vs PN	gene:FGSG_00277
C2_DoubleMutant_NPN_vs_DoubleMutant_PN	Эффект среды в ΔΔ: NPN vs PN	gene:FGSG_03751
C2_DoubleMutant_NPN_vs_DoubleMutant_PN	Эффект среды в ΔΔ: NPN vs PN	gene:FGSG_02895
C2_DoubleMutant_NPN_vs_DoubleMutant_PN	Эффект среды в ΔΔ: NPN vs PN	gene:FGSG_09919
C2_DoubleMutant_NPN_vs_DoubleMutant_PN	Эффект среды в ΔΔ: NPN vs PN	gene:FGSG_02593
C2_DoubleMutant_NPN_vs_DoubleMutant_PN	Эффект среды в ΔΔ: NPN vs PN	gene:FGSG_07062
C2_DoubleMutant_NPN_vs_DoubleMutant_PN	Эффект среды в ΔΔ: NPN vs PN	gene:FGSG_07431
C2_DoubleMutant_NPN_vs_DoubleMutant_PN	Эффект среды в ΔΔ: NPN vs PN	gene:FGSG_08508
C2_DoubleMutant_NPN_vs_DoubleMutant_PN	Эффект среды в ΔΔ: NPN vs PN	gene:FGSG_00645
C2_DoubleMutant_NPN_vs_DoubleMutant_PN	Эффект среды в ΔΔ: NPN vs PN	gene:FGSG_08473
C2_DoubleMutant_NPN_vs_DoubleMutant_PN	Эффект среды в ΔΔ: NPN vs PN	gene:FGSG_02044
C2_DoubleMutant_NPN_vs_DoubleMutant_PN	Эффект среды в ΔΔ: NPN vs PN	gene:FGSG_01938
C2_DoubleMutant_NPN_vs_DoubleMutant_PN	Эффект среды в ΔΔ: NPN vs PN	gene:FGSG_11814
C2_DoubleMutant_NPN_vs_DoubleMutant_PN	Эффект среды в ΔΔ: NPN vs PN	gene:FGSG_09661
C2_DoubleMutant_NPN_vs_DoubleMutant_PN	Эффект среды в ΔΔ: NPN vs PN	gene:FGSG_01413
C2_DoubleMutant_NPN_vs_DoubleMutant_PN	Эффект среды в ΔΔ: NPN vs PN	gene:FGSG_11127
C2_DoubleMutant_NPN_vs_DoubleMutant_PN	Эффект среды в ΔΔ: NPN vs PN	gene:FGSG_02000
C2_DoubleMutant_NPN_vs_DoubleMutant_PN	Эффект среды в ΔΔ: NPN vs PN	gene:FGSG_06718
C2_DoubleMutant_NPN_vs_DoubleMutant_PN	Эффект среды в ΔΔ: NPN vs PN	gene:FGSG_00712
C2_DoubleMutant_NPN_vs_DoubleMutant_PN	Эффект среды в ΔΔ: NPN vs PN	gene:FGSG_06576
C2_DoubleMutant_NPN_vs_DoubleMutant_PN	Эффект среды в ΔΔ: NPN vs PN	gene:FGSG_00480
C2_DoubleMutant_NPN_vs_DoubleMutant_PN	Эффект среды в ΔΔ: NPN vs PN	gene:FGSG_08515
C2_DoubleMutant_NPN_vs_DoubleMutant_PN	Эффект среды в ΔΔ: NPN vs PN	gene:FGSG_05566
C2_DoubleMutant_NPN_vs_DoubleMutant_PN	Эффект среды в ΔΔ: NPN vs PN	gene:FGSG_09195
C2_DoubleMutant_NPN_vs_DoubleMutant_PN	Эффект среды в ΔΔ: NPN vs PN	gene:FGSG_01333
C2_DoubleMutant_NPN_vs_DoubleMutant_PN	Эффект среды в ΔΔ: NPN vs PN	gene:FGSG_07224
C2_DoubleMutant_NPN_vs_DoubleMutant_PN	Эффект среды в ΔΔ: NPN vs PN	gene:FGSG_07951
C2_DoubleMutant_NPN_vs_DoubleMutant_PN	Эффект среды в ΔΔ: NPN vs PN	gene:FGSG_11968
C2_DoubleMutant_NPN_vs_DoubleMutant_PN	Эффект среды в ΔΔ: NPN vs PN	gene:FGSG_13657
C2_DoubleMutant_NPN_vs_DoubleMutant_PN	Эффект среды в ΔΔ: NPN vs PN	gene:FGSG_06616
C2_DoubleMutant_NPN_vs_DoubleMutant_PN	Эффект среды в ΔΔ: NPN vs PN	gene:FGSG_08927
C2_DoubleMutant_NPN_vs_DoubleMutant_PN	Эффект среды в ΔΔ: NPN vs PN	gene:FGSG_02733
C2_DoubleMutant_NPN_vs_DoubleMutant_PN	Эффект среды в ΔΔ: NPN vs PN	gene:FGSG_09929
C2_DoubleMutant_NPN_vs_DoubleMutant_PN	Эффект среды в ΔΔ: NPN vs PN	gene:FGSG_09810
C2_DoubleMutant_NPN_vs_DoubleMutant_PN	Эффект среды в ΔΔ: NPN vs PN	gene:FGSG_06923
C2_DoubleMutant_NPN_vs_DoubleMutant_PN	Эффект среды в ΔΔ: NPN vs PN	gene:FGSG_08306
C2_DoubleMutant_NPN_vs_DoubleMutant_PN	Эффект среды в ΔΔ: NPN vs PN	gene:FGSG_00832
C2_DoubleMutant_NPN_vs_DoubleMutant_PN	Эффект среды в ΔΔ: NPN vs PN	gene:FGSG_02502
C2_DoubleMutant_NPN_vs_DoubleMutant_PN	Эффект среды в ΔΔ: NPN vs PN	gene:FGSG_07588
C2_DoubleMutant_NPN_vs_DoubleMutant_PN	Эффект среды в ΔΔ: NPN vs PN	gene:FGSG_04020
C2_DoubleMutant_NPN_vs_DoubleMutant_PN	Эффект среды в ΔΔ: NPN vs PN	gene:FGSG_09263
C2_DoubleMutant_NPN_vs_DoubleMutant_PN	Эффект среды в ΔΔ: NPN vs PN	gene:FGSG_03237
C2_DoubleMutant_NPN_vs_DoubleMutant_PN	Эффект среды в ΔΔ: NPN vs PN	gene:FGSG_04741
C2_DoubleMutant_NPN_vs_DoubleMutant_PN	Эффект среды в ΔΔ: NPN vs PN	gene:FGSG_00924
C2_DoubleMutant_NPN_vs_DoubleMutant_PN	Эффект среды в ΔΔ: NPN vs PN	gene:FGSG_09739
C2_DoubleMutant_NPN_vs_DoubleMutant_PN	Эффект среды в ΔΔ: NPN vs PN	gene:FGSG_09963
C2_DoubleMutant_NPN_vs_DoubleMutant_PN	Эффект среды в ΔΔ: NPN vs PN	gene:FGSG_12537
C2_DoubleMutant_NPN_vs_DoubleMutant_PN	Эффект среды в ΔΔ: NPN vs PN	gene:FGSG_00370
C2_DoubleMutant_NPN_vs_DoubleMutant_PN	Эффект среды в ΔΔ: NPN vs PN	gene:FGSG_07146
C2_DoubleMutant_NPN_vs_DoubleMutant_PN	Эффект среды в ΔΔ: NPN vs PN	gene:FGSG_13347
C2_DoubleMutant_NPN_vs_DoubleMutant_PN	Эффект среды в ΔΔ: NPN vs PN	gene:FGSG_13276
C2_DoubleMutant_NPN_vs_DoubleMutant_PN	Эффект среды в ΔΔ: NPN vs PN	gene:FGSG_09830
C2_DoubleMutant_NPN_vs_DoubleMutant_PN	Эффект среды в ΔΔ: NPN vs PN	gene:FGSG_03529
C2_DoubleMutant_NPN_vs_DoubleMutant_PN	Эффект среды в ΔΔ: NPN vs PN	gene:FGSG_02308
C2_DoubleMutant_NPN_vs_DoubleMutant_PN	Эффект среды в ΔΔ: NPN vs PN	gene:FGSG_05630
C2_DoubleMutant_NPN_vs_DoubleMutant_PN	Эффект среды в ΔΔ: NPN vs PN	gene:FGSG_05284
C2_DoubleMutant_NPN_vs_DoubleMutant_PN	Эффект среды в ΔΔ: NPN vs PN	gene:FGSG_07326
C2_DoubleMutant_NPN_vs_DoubleMutant_PN	Эффект среды в ΔΔ: NPN vs PN	gene:FGSG_06982
C2_DoubleMutant_NPN_vs_DoubleMutant_PN	Эффект среды в ΔΔ: NPN vs PN	gene:FGSG_04083
C2_DoubleMutant_NPN_vs_DoubleMutant_PN	Эффект среды в ΔΔ: NPN vs PN	gene:FGSG_06318
C2_DoubleMutant_NPN_vs_DoubleMutant_PN	Эффект среды в ΔΔ: NPN vs PN	gene:FGSG_01182
C2_DoubleMutant_NPN_vs_DoubleMutant_PN	Эффект среды в ΔΔ: NPN vs PN	gene:FGSG_08285
C2_DoubleMutant_NPN_vs_DoubleMutant_PN	Эффект среды в ΔΔ: NPN vs PN	gene:FGSG_08430
C2_DoubleMutant_NPN_vs_DoubleMutant_PN	Эффект среды в ΔΔ: NPN vs PN	gene:FGSG_08812
C2_DoubleMutant_NPN_vs_DoubleMutant_PN	Эффект среды в ΔΔ: NPN vs PN	gene:FGSG_02522
C2_DoubleMutant_NPN_vs_DoubleMutant_PN	Эффект среды в ΔΔ: NPN vs PN	gene:FGSG_06615
C2_DoubleMutant_NPN_vs_DoubleMutant_PN	Эффект среды в ΔΔ: NPN vs PN	gene:FGSG_02082
C2_DoubleMutant_NPN_vs_DoubleMutant_PN	Эффект среды в ΔΔ: NPN vs PN	gene:FGSG_01419
C2_DoubleMutant_NPN_vs_DoubleMutant_PN	Эффект среды в ΔΔ: NPN vs PN	gene:FGSG_03752
C2_DoubleMutant_NPN_vs_DoubleMutant_PN	Эффект среды в ΔΔ: NPN vs PN	gene:FGSG_10202
C2_DoubleMutant_NPN_vs_DoubleMutant_PN	Эффект среды в ΔΔ: NPN vs PN	gene:FGSG_08735
C2_DoubleMutant_NPN_vs_DoubleMutant_PN	Эффект среды в ΔΔ: NPN vs PN	gene:FGSG_00276
C2_DoubleMutant_NPN_vs_DoubleMutant_PN	Эффект среды в ΔΔ: NPN vs PN	gene:FGSG_12153
C2_DoubleMutant_NPN_vs_DoubleMutant_PN	Эффект среды в ΔΔ: NPN vs PN	gene:FGSG_13556
C2_DoubleMutant_NPN_vs_DoubleMutant_PN	Эффект среды в ΔΔ: NPN vs PN	gene:FGSG_09697
C2_DoubleMutant_NPN_vs_DoubleMutant_PN	Эффект среды в ΔΔ: NPN vs PN	gene:FGSG_12691
C2_DoubleMutant_NPN_vs_DoubleMutant_PN	Эффект среды в ΔΔ: NPN vs PN	gene:FGSG_06026
C2_DoubleMutant_NPN_vs_DoubleMutant_PN	Эффект среды в ΔΔ: NPN vs PN	gene:FGSG_01277
C2_DoubleMutant_NPN_vs_DoubleMutant_PN	Эффект среды в ΔΔ: NPN vs PN	gene:FGSG_05247
C2_DoubleMutant_NPN_vs_DoubleMutant_PN	Эффект среды в ΔΔ: NPN vs PN	gene:FGSG_09317
C2_DoubleMutant_NPN_vs_DoubleMutant_PN	Эффект среды в ΔΔ: NPN vs PN	gene:FGSG_02415
C2_DoubleMutant_NPN_vs_DoubleMutant_PN	Эффект среды в ΔΔ: NPN vs PN	gene:FGSG_00900
C2_DoubleMutant_NPN_vs_DoubleMutant_PN	Эффект среды в ΔΔ: NPN vs PN	gene:FGSG_08863
C2_DoubleMutant_NPN_vs_DoubleMutant_PN	Эффект среды в ΔΔ: NPN vs PN	gene:FGSG_04576
C2_DoubleMutant_NPN_vs_DoubleMutant_PN	Эффект среды в ΔΔ: NPN vs PN	gene:FGSG_00968
C2_DoubleMutant_NPN_vs_DoubleMutant_PN	Эффект среды в ΔΔ: NPN vs PN	gene:FGSG_05595
C2_DoubleMutant_NPN_vs_DoubleMutant_PN	Эффект среды в ΔΔ: NPN vs PN	gene:FGSG_04261
C2_DoubleMutant_NPN_vs_DoubleMutant_PN	Эффект среды в ΔΔ: NPN vs PN	gene:FGSG_10802
C2_DoubleMutant_NPN_vs_DoubleMutant_PN	Эффект среды в ΔΔ: NPN vs PN	gene:FGSG_02400
C2_DoubleMutant_NPN_vs_DoubleMutant_PN	Эффект среды в ΔΔ: NPN vs PN	gene:FGSG_00417
C2_DoubleMutant_NPN_vs_DoubleMutant_PN	Эффект среды в ΔΔ: NPN vs PN	gene:FGSG_01209
C2_DoubleMutant_NPN_vs_DoubleMutant_PN	Эффект среды в ΔΔ: NPN vs PN	gene:FGSG_01985
C2_DoubleMutant_NPN_vs_DoubleMutant_PN	Эффект среды в ΔΔ: NPN vs PN	gene:FGSG_00714
C2_DoubleMutant_NPN_vs_DoubleMutant_PN	Эффект среды в ΔΔ: NPN vs PN	gene:FGSG_02467
C2_DoubleMutant_NPN_vs_DoubleMutant_PN	Эффект среды в ΔΔ: NPN vs PN	gene:FGSG_05098
C2_DoubleMutant_NPN_vs_DoubleMutant_PN	Эффект среды в ΔΔ: NPN vs PN	gene:FGSG_04944
C2_DoubleMutant_NPN_vs_DoubleMutant_PN	Эффект среды в ΔΔ: NPN vs PN	gene:FGSG_01033
C2_DoubleMutant_NPN_vs_DoubleMutant_PN	Эффект среды в ΔΔ: NPN vs PN	gene:FGSG_01295
C2_DoubleMutant_NPN_vs_DoubleMutant_PN	Эффект среды в ΔΔ: NPN vs PN	gene:FGSG_03639
C2_DoubleMutant_NPN_vs_DoubleMutant_PN	Эффект среды в ΔΔ: NPN vs PN	gene:FGSG_10882
C2_DoubleMutant_NPN_vs_DoubleMutant_PN	Эффект среды в ΔΔ: NPN vs PN	gene:FGSG_06214
C2_DoubleMutant_NPN_vs_DoubleMutant_PN	Эффект среды в ΔΔ: NPN vs PN	gene:FGSG_03399
C2_DoubleMutant_NPN_vs_DoubleMutant_PN	Эффект среды в ΔΔ: NPN vs PN	gene:FGSG_07247
C2_DoubleMutant_NPN_vs_DoubleMutant_PN	Эффект среды в ΔΔ: NPN vs PN	gene:FGSG_06123
C2_DoubleMutant_NPN_vs_DoubleMutant_PN	Эффект среды в ΔΔ: NPN vs PN	gene:FGSG_11634
C2_DoubleMutant_NPN_vs_DoubleMutant_PN	Эффект среды в ΔΔ: NPN vs PN	gene:FGSG_02346
C2_DoubleMutant_NPN_vs_DoubleMutant_PN	Эффект среды в ΔΔ: NPN vs PN	gene:FGSG_02902
C2_DoubleMutant_NPN_vs_DoubleMutant_PN	Эффект среды в ΔΔ: NPN vs PN	gene:FGSG_12296
C2_DoubleMutant_NPN_vs_DoubleMutant_PN	Эффект среды в ΔΔ: NPN vs PN	gene:FGSG_03525
C2_DoubleMutant_NPN_vs_DoubleMutant_PN	Эффект среды в ΔΔ: NPN vs PN	gene:FGSG_02778
C2_DoubleMutant_NPN_vs_DoubleMutant_PN	Эффект среды в ΔΔ: NPN vs PN	gene:FGSG_01070
C2_DoubleMutant_NPN_vs_DoubleMutant_PN	Эффект среды в ΔΔ: NPN vs PN	gene:FGSG_02539
C2_DoubleMutant_NPN_vs_DoubleMutant_PN	Эффект среды в ΔΔ: NPN vs PN	gene:FGSG_06418
C2_DoubleMutant_NPN_vs_DoubleMutant_PN	Эффект среды в ΔΔ: NPN vs PN	gene:FGSG_04909
C2_DoubleMutant_NPN_vs_DoubleMutant_PN	Эффект среды в ΔΔ: NPN vs PN	gene:FGSG_02976
C2_DoubleMutant_NPN_vs_DoubleMutant_PN	Эффект среды в ΔΔ: NPN vs PN	gene:FGSG_11812
C2_DoubleMutant_NPN_vs_DoubleMutant_PN	Эффект среды в ΔΔ: NPN vs PN	gene:FGSG_09831
C2_DoubleMutant_NPN_vs_DoubleMutant_PN	Эффект среды в ΔΔ: NPN vs PN	gene:FGSG_05208
C2_DoubleMutant_NPN_vs_DoubleMutant_PN	Эффект среды в ΔΔ: NPN vs PN	gene:FGSG_00635
C2_DoubleMutant_NPN_vs_DoubleMutant_PN	Эффект среды в ΔΔ: NPN vs PN	gene:FGSG_02083
C2_DoubleMutant_NPN_vs_DoubleMutant_PN	Эффект среды в ΔΔ: NPN vs PN	gene:FGSG_01062
C2_DoubleMutant_NPN_vs_DoubleMutant_PN	Эффект среды в ΔΔ: NPN vs PN	gene:FGSG_10836
C2_DoubleMutant_NPN_vs_DoubleMutant_PN	Эффект среды в ΔΔ: NPN vs PN	gene:FGSG_02041
C2_DoubleMutant_NPN_vs_DoubleMutant_PN	Эффект среды в ΔΔ: NPN vs PN	gene:FGSG_06099
C2_DoubleMutant_NPN_vs_DoubleMutant_PN	Эффект среды в ΔΔ: NPN vs PN	gene:FGSG_03761
C2_DoubleMutant_NPN_vs_DoubleMutant_PN	Эффект среды в ΔΔ: NPN vs PN	gene:FGSG_07138
C2_DoubleMutant_NPN_vs_DoubleMutant_PN	Эффект среды в ΔΔ: NPN vs PN	gene:FGSG_01360
C2_DoubleMutant_NPN_vs_DoubleMutant_PN	Эффект среды в ΔΔ: NPN vs PN	gene:FGSG_12421
C2_DoubleMutant_NPN_vs_DoubleMutant_PN	Эффект среды в ΔΔ: NPN vs PN	gene:FGSG_06818
C2_DoubleMutant_NPN_vs_DoubleMutant_PN	Эффект среды в ΔΔ: NPN vs PN	gene:FGSG_05482
C2_DoubleMutant_NPN_vs_DoubleMutant_PN	Эффект среды в ΔΔ: NPN vs PN	gene:FGSG_06007
C2_DoubleMutant_NPN_vs_DoubleMutant_PN	Эффект среды в ΔΔ: NPN vs PN	gene:FGSG_10133
C2_DoubleMutant_NPN_vs_DoubleMutant_PN	Эффект среды в ΔΔ: NPN vs PN	gene:FGSG_00923
C2_DoubleMutant_NPN_vs_DoubleMutant_PN	Эффект среды в ΔΔ: NPN vs PN	gene:FGSG_02141
C2_DoubleMutant_NPN_vs_DoubleMutant_PN	Эффект среды в ΔΔ: NPN vs PN	gene:FGSG_13868
C2_DoubleMutant_NPN_vs_DoubleMutant_PN	Эффект среды в ΔΔ: NPN vs PN	gene:FGSG_07623
C2_DoubleMutant_NPN_vs_DoubleMutant_PN	Эффект среды в ΔΔ: NPN vs PN	gene:FGSG_06031
C2_DoubleMutant_NPN_vs_DoubleMutant_PN	Эффект среды в ΔΔ: NPN vs PN	gene:FGSG_07272
C2_DoubleMutant_NPN_vs_DoubleMutant_PN	Эффект среды в ΔΔ: NPN vs PN	gene:FGSG_08691
C2_DoubleMutant_NPN_vs_DoubleMutant_PN	Эффект среды в ΔΔ: NPN vs PN	gene:FGSG_02926
C2_DoubleMutant_NPN_vs_DoubleMutant_PN	Эффект среды в ΔΔ: NPN vs PN	gene:FGSG_06599
C2_DoubleMutant_NPN_vs_DoubleMutant_PN	Эффект среды в ΔΔ: NPN vs PN	gene:FGSG_04932
C2_DoubleMutant_NPN_vs_DoubleMutant_PN	Эффект среды в ΔΔ: NPN vs PN	gene:FGSG_00618
C2_DoubleMutant_NPN_vs_DoubleMutant_PN	Эффект среды в ΔΔ: NPN vs PN	gene:FGSG_11273
C2_DoubleMutant_NPN_vs_DoubleMutant_PN	Эффект среды в ΔΔ: NPN vs PN	gene:FGSG_08899
C2_DoubleMutant_NPN_vs_DoubleMutant_PN	Эффект среды в ΔΔ: NPN vs PN	gene:FGSG_10880
C2_DoubleMutant_NPN_vs_DoubleMutant_PN	Эффект среды в ΔΔ: NPN vs PN	gene:FGSG_08898
C2_DoubleMutant_NPN_vs_DoubleMutant_PN	Эффект среды в ΔΔ: NPN vs PN	gene:FGSG_12005
C2_DoubleMutant_NPN_vs_DoubleMutant_PN	Эффект среды в ΔΔ: NPN vs PN	gene:FGSG_12589
C2_DoubleMutant_NPN_vs_DoubleMutant_PN	Эффект среды в ΔΔ: NPN vs PN	gene:FGSG_09214
C2_DoubleMutant_NPN_vs_DoubleMutant_PN	Эффект среды в ΔΔ: NPN vs PN	gene:FGSG_02506
C2_DoubleMutant_NPN_vs_DoubleMutant_PN	Эффект среды в ΔΔ: NPN vs PN	gene:FGSG_08657
C2_DoubleMutant_NPN_vs_DoubleMutant_PN	Эффект среды в ΔΔ: NPN vs PN	gene:FGSG_02148
C2_DoubleMutant_NPN_vs_DoubleMutant_PN	Эффект среды в ΔΔ: NPN vs PN	gene:FGSG_01270
C2_DoubleMutant_NPN_vs_DoubleMutant_PN	Эффект среды в ΔΔ: NPN vs PN	gene:FGSG_10482
C2_DoubleMutant_NPN_vs_DoubleMutant_PN	Эффект среды в ΔΔ: NPN vs PN	gene:FGSG_02463
C2_DoubleMutant_NPN_vs_DoubleMutant_PN	Эффект среды в ΔΔ: NPN vs PN	gene:FGSG_09957
C2_DoubleMutant_NPN_vs_DoubleMutant_PN	Эффект среды в ΔΔ: NPN vs PN	gene:FGSG_06863
C2_DoubleMutant_NPN_vs_DoubleMutant_PN	Эффект среды в ΔΔ: NPN vs PN	gene:FGSG_07862
C2_DoubleMutant_NPN_vs_DoubleMutant_PN	Эффект среды в ΔΔ: NPN vs PN	gene:FGSG_11283
C2_DoubleMutant_NPN_vs_DoubleMutant_PN	Эффект среды в ΔΔ: NPN vs PN	gene:FGSG_12275
C2_DoubleMutant_NPN_vs_DoubleMutant_PN	Эффект среды в ΔΔ: NPN vs PN	gene:FGSG_10863
C2_DoubleMutant_NPN_vs_DoubleMutant_PN	Эффект среды в ΔΔ: NPN vs PN	gene:FGSG_06340
C2_DoubleMutant_NPN_vs_DoubleMutant_PN	Эффект среды в ΔΔ: NPN vs PN	gene:FGSG_13689
C2_DoubleMutant_NPN_vs_DoubleMutant_PN	Эффект среды в ΔΔ: NPN vs PN	gene:FGSG_00713
C2_DoubleMutant_NPN_vs_DoubleMutant_PN	Эффект среды в ΔΔ: NPN vs PN	gene:FGSG_03558
C2_DoubleMutant_NPN_vs_DoubleMutant_PN	Эффект среды в ΔΔ: NPN vs PN	gene:FGSG_03597
C2_DoubleMutant_NPN_vs_DoubleMutant_PN	Эффект среды в ΔΔ: NPN vs PN	gene:FGSG_10920
C2_DoubleMutant_NPN_vs_DoubleMutant_PN	Эффект среды в ΔΔ: NPN vs PN	gene:FGSG_00446
C2_DoubleMutant_NPN_vs_DoubleMutant_PN	Эффект среды в ΔΔ: NPN vs PN	gene:FGSG_08255
C2_DoubleMutant_NPN_vs_DoubleMutant_PN	Эффект среды в ΔΔ: NPN vs PN	gene:FGSG_10783
C2_DoubleMutant_NPN_vs_DoubleMutant_PN	Эффект среды в ΔΔ: NPN vs PN	gene:FGSG_09868
C2_DoubleMutant_NPN_vs_DoubleMutant_PN	Эффект среды в ΔΔ: NPN vs PN	gene:FGSG_09455
C2_DoubleMutant_NPN_vs_DoubleMutant_PN	Эффект среды в ΔΔ: NPN vs PN	gene:FGSG_01159
C2_DoubleMutant_NPN_vs_DoubleMutant_PN	Эффект среды в ΔΔ: NPN vs PN	gene:FGSG_13087
C2_DoubleMutant_NPN_vs_DoubleMutant_PN	Эффект среды в ΔΔ: NPN vs PN	gene:FGSG_05287
C2_DoubleMutant_NPN_vs_DoubleMutant_PN	Эффект среды в ΔΔ: NPN vs PN	gene:FGSG_12180
C2_DoubleMutant_NPN_vs_DoubleMutant_PN	Эффект среды в ΔΔ: NPN vs PN	gene:FGSG_06835
C2_DoubleMutant_NPN_vs_DoubleMutant_PN	Эффект среды в ΔΔ: NPN vs PN	gene:FGSG_05707
C2_DoubleMutant_NPN_vs_DoubleMutant_PN	Эффект среды в ΔΔ: NPN vs PN	gene:FGSG_04038
C2_DoubleMutant_NPN_vs_DoubleMutant_PN	Эффект среды в ΔΔ: NPN vs PN	gene:FGSG_10765
C2_DoubleMutant_NPN_vs_DoubleMutant_PN	Эффект среды в ΔΔ: NPN vs PN	gene:FGSG_09340
C2_DoubleMutant_NPN_vs_DoubleMutant_PN	Эффект среды в ΔΔ: NPN vs PN	gene:FGSG_00525
C2_DoubleMutant_NPN_vs_DoubleMutant_PN	Эффект среды в ΔΔ: NPN vs PN	gene:FGSG_09436
C2_DoubleMutant_NPN_vs_DoubleMutant_PN	Эффект среды в ΔΔ: NPN vs PN	gene:FGSG_05204
C2_DoubleMutant_NPN_vs_DoubleMutant_PN	Эффект среды в ΔΔ: NPN vs PN	gene:FGSG_02444
C2_DoubleMutant_NPN_vs_DoubleMutant_PN	Эффект среды в ΔΔ: NPN vs PN	gene:FGSG_07005
C2_DoubleMutant_NPN_vs_DoubleMutant_PN	Эффект среды в ΔΔ: NPN vs PN	gene:FGSG_02586
C2_DoubleMutant_NPN_vs_DoubleMutant_PN	Эффект среды в ΔΔ: NPN vs PN	gene:FGSG_04126
C2_DoubleMutant_NPN_vs_DoubleMutant_PN	Эффект среды в ΔΔ: NPN vs PN	gene:FGSG_09166
C2_DoubleMutant_NPN_vs_DoubleMutant_PN	Эффект среды в ΔΔ: NPN vs PN	gene:FGSG_05382
C2_DoubleMutant_NPN_vs_DoubleMutant_PN	Эффект среды в ΔΔ: NPN vs PN	gene:FGSG_09666
C2_DoubleMutant_NPN_vs_DoubleMutant_PN	Эффект среды в ΔΔ: NPN vs PN	gene:FGSG_13642
C2_DoubleMutant_NPN_vs_DoubleMutant_PN	Эффект среды в ΔΔ: NPN vs PN	gene:FGSG_05641
C2_DoubleMutant_NPN_vs_DoubleMutant_PN	Эффект среды в ΔΔ: NPN vs PN	gene:FGSG_09478
C2_DoubleMutant_NPN_vs_DoubleMutant_PN	Эффект среды в ΔΔ: NPN vs PN	gene:FGSG_00984
C2_DoubleMutant_NPN_vs_DoubleMutant_PN	Эффект среды в ΔΔ: NPN vs PN	gene:FGSG_04428
C2_DoubleMutant_NPN_vs_DoubleMutant_PN	Эффект среды в ΔΔ: NPN vs PN	gene:FGSG_07674
C2_DoubleMutant_NPN_vs_DoubleMutant_PN	Эффект среды в ΔΔ: NPN vs PN	gene:FGSG_08623
C2_DoubleMutant_NPN_vs_DoubleMutant_PN	Эффект среды в ΔΔ: NPN vs PN	gene:FGSG_09926
C2_DoubleMutant_NPN_vs_DoubleMutant_PN	Эффект среды в ΔΔ: NPN vs PN	gene:FGSG_01839
C2_DoubleMutant_NPN_vs_DoubleMutant_PN	Эффект среды в ΔΔ: NPN vs PN	gene:FGSG_10197
C2_DoubleMutant_NPN_vs_DoubleMutant_PN	Эффект среды в ΔΔ: NPN vs PN	gene:FGSG_12555
C2_DoubleMutant_NPN_vs_DoubleMutant_PN	Эффект среды в ΔΔ: NPN vs PN	gene:FGSG_05130
C2_DoubleMutant_NPN_vs_DoubleMutant_PN	Эффект среды в ΔΔ: NPN vs PN	gene:FGSG_13084
C2_DoubleMutant_NPN_vs_DoubleMutant_PN	Эффект среды в ΔΔ: NPN vs PN	gene:FGSG_01452
C2_DoubleMutant_NPN_vs_DoubleMutant_PN	Эффект среды в ΔΔ: NPN vs PN	gene:FGSG_13838
C2_DoubleMutant_NPN_vs_DoubleMutant_PN	Эффект среды в ΔΔ: NPN vs PN	gene:FGSG_06581
C2_DoubleMutant_NPN_vs_DoubleMutant_PN	Эффект среды в ΔΔ: NPN vs PN	gene:FGSG_05209
C2_DoubleMutant_NPN_vs_DoubleMutant_PN	Эффект среды в ΔΔ: NPN vs PN	gene:FGSG_10383
C2_DoubleMutant_NPN_vs_DoubleMutant_PN	Эффект среды в ΔΔ: NPN vs PN	gene:FGSG_09674
C2_DoubleMutant_NPN_vs_DoubleMutant_PN	Эффект среды в ΔΔ: NPN vs PN	gene:FGSG_06501
C2_DoubleMutant_NPN_vs_DoubleMutant_PN	Эффект среды в ΔΔ: NPN vs PN	gene:FGSG_05673
C2_DoubleMutant_NPN_vs_DoubleMutant_PN	Эффект среды в ΔΔ: NPN vs PN	gene:FGSG_05420
C2_DoubleMutant_NPN_vs_DoubleMutant_PN	Эффект среды в ΔΔ: NPN vs PN	gene:FGSG_06275
C2_DoubleMutant_NPN_vs_DoubleMutant_PN	Эффект среды в ΔΔ: NPN vs PN	gene:FGSG_06233
C2_DoubleMutant_NPN_vs_DoubleMutant_PN	Эффект среды в ΔΔ: NPN vs PN	gene:FGSG_01619
C2_DoubleMutant_NPN_vs_DoubleMutant_PN	Эффект среды в ΔΔ: NPN vs PN	gene:FGSG_08348
C2_DoubleMutant_NPN_vs_DoubleMutant_PN	Эффект среды в ΔΔ: NPN vs PN	gene:FGSG_12031
C2_DoubleMutant_NPN_vs_DoubleMutant_PN	Эффект среды в ΔΔ: NPN vs PN	gene:FGSG_02489
C2_DoubleMutant_NPN_vs_DoubleMutant_PN	Эффект среды в ΔΔ: NPN vs PN	gene:FGSG_04477
C2_DoubleMutant_NPN_vs_DoubleMutant_PN	Эффект среды в ΔΔ: NPN vs PN	gene:FGSG_01040
C2_DoubleMutant_NPN_vs_DoubleMutant_PN	Эффект среды в ΔΔ: NPN vs PN	gene:FGSG_04187
C2_DoubleMutant_NPN_vs_DoubleMutant_PN	Эффект среды в ΔΔ: NPN vs PN	gene:FGSG_07872
C2_DoubleMutant_NPN_vs_DoubleMutant_PN	Эффект среды в ΔΔ: NPN vs PN	gene:FGSG_02347
C2_DoubleMutant_NPN_vs_DoubleMutant_PN	Эффект среды в ΔΔ: NPN vs PN	gene:FGSG_11833
C2_DoubleMutant_NPN_vs_DoubleMutant_PN	Эффект среды в ΔΔ: NPN vs PN	gene:FGSG_01545
C2_DoubleMutant_NPN_vs_DoubleMutant_PN	Эффект среды в ΔΔ: NPN vs PN	gene:FGSG_04328
C2_DoubleMutant_NPN_vs_DoubleMutant_PN	Эффект среды в ΔΔ: NPN vs PN	gene:FGSG_02525
C2_DoubleMutant_NPN_vs_DoubleMutant_PN	Эффект среды в ΔΔ: NPN vs PN	gene:FGSG_01569
C2_DoubleMutant_NPN_vs_DoubleMutant_PN	Эффект среды в ΔΔ: NPN vs PN	gene:FGSG_10047
C2_DoubleMutant_NPN_vs_DoubleMutant_PN	Эффект среды в ΔΔ: NPN vs PN	gene:FGSG_12676
C2_DoubleMutant_NPN_vs_DoubleMutant_PN	Эффект среды в ΔΔ: NPN vs PN	gene:FGSG_10762
C2_DoubleMutant_NPN_vs_DoubleMutant_PN	Эффект среды в ΔΔ: NPN vs PN	gene:FGSG_07960
C2_DoubleMutant_NPN_vs_DoubleMutant_PN	Эффект среды в ΔΔ: NPN vs PN	gene:FGSG_08717
C2_DoubleMutant_NPN_vs_DoubleMutant_PN	Эффект среды в ΔΔ: NPN vs PN	gene:FGSG_09289
C2_DoubleMutant_NPN_vs_DoubleMutant_PN	Эффект среды в ΔΔ: NPN vs PN	gene:FGSG_11701
C2_DoubleMutant_NPN_vs_DoubleMutant_PN	Эффект среды в ΔΔ: NPN vs PN	gene:FGSG_04148
C2_DoubleMutant_NPN_vs_DoubleMutant_PN	Эффект среды в ΔΔ: NPN vs PN	gene:FGSG_05721
C2_DoubleMutant_NPN_vs_DoubleMutant_PN	Эффект среды в ΔΔ: NPN vs PN	gene:FGSG_06745
C2_DoubleMutant_NPN_vs_DoubleMutant_PN	Эффект среды в ΔΔ: NPN vs PN	gene:FGSG_11777
C2_DoubleMutant_NPN_vs_DoubleMutant_PN	Эффект среды в ΔΔ: NPN vs PN	gene:FGSG_01980
C2_DoubleMutant_NPN_vs_DoubleMutant_PN	Эффект среды в ΔΔ: NPN vs PN	gene:FGSG_07336
C2_DoubleMutant_NPN_vs_DoubleMutant_PN	Эффект среды в ΔΔ: NPN vs PN	gene:FGSG_00775
C2_DoubleMutant_NPN_vs_DoubleMutant_PN	Эффект среды в ΔΔ: NPN vs PN	gene:FGSG_03235
C2_DoubleMutant_NPN_vs_DoubleMutant_PN	Эффект среды в ΔΔ: NPN vs PN	gene:FGSG_03629
C2_DoubleMutant_NPN_vs_DoubleMutant_PN	Эффект среды в ΔΔ: NPN vs PN	gene:FGSG_11872
C2_DoubleMutant_NPN_vs_DoubleMutant_PN	Эффект среды в ΔΔ: NPN vs PN	gene:FGSG_07484
C2_DoubleMutant_NPN_vs_DoubleMutant_PN	Эффект среды в ΔΔ: NPN vs PN	gene:FGSG_05338
C2_DoubleMutant_NPN_vs_DoubleMutant_PN	Эффект среды в ΔΔ: NPN vs PN	gene:FGSG_09794
C2_DoubleMutant_NPN_vs_DoubleMutant_PN	Эффект среды в ΔΔ: NPN vs PN	gene:FGSG_13427
C2_DoubleMutant_NPN_vs_DoubleMutant_PN	Эффект среды в ΔΔ: NPN vs PN	gene:FGSG_10153
C2_DoubleMutant_NPN_vs_DoubleMutant_PN	Эффект среды в ΔΔ: NPN vs PN	gene:FGSG_13086
C2_DoubleMutant_NPN_vs_DoubleMutant_PN	Эффект среды в ΔΔ: NPN vs PN	gene:FGSG_01457
C2_DoubleMutant_NPN_vs_DoubleMutant_PN	Эффект среды в ΔΔ: NPN vs PN	gene:FGSG_08931
C2_DoubleMutant_NPN_vs_DoubleMutant_PN	Эффект среды в ΔΔ: NPN vs PN	gene:FGSG_10212
C2_DoubleMutant_NPN_vs_DoubleMutant_PN	Эффект среды в ΔΔ: NPN vs PN	gene:FGSG_01032
C2_DoubleMutant_NPN_vs_DoubleMutant_PN	Эффект среды в ΔΔ: NPN vs PN	gene:FGSG_07933
C2_DoubleMutant_NPN_vs_DoubleMutant_PN	Эффект среды в ΔΔ: NPN vs PN	gene:FGSG_08454
C2_DoubleMutant_NPN_vs_DoubleMutant_PN	Эффект среды в ΔΔ: NPN vs PN	gene:FGSG_09916
C2_DoubleMutant_NPN_vs_DoubleMutant_PN	Эффект среды в ΔΔ: NPN vs PN	gene:FGSG_12750
C2_DoubleMutant_NPN_vs_DoubleMutant_PN	Эффект среды в ΔΔ: NPN vs PN	gene:FGSG_02004
C2_DoubleMutant_NPN_vs_DoubleMutant_PN	Эффект среды в ΔΔ: NPN vs PN	gene:FGSG_07238
C2_DoubleMutant_NPN_vs_DoubleMutant_PN	Эффект среды в ΔΔ: NPN vs PN	gene:FGSG_07392
C2_DoubleMutant_NPN_vs_DoubleMutant_PN	Эффект среды в ΔΔ: NPN vs PN	gene:FGSG_07777
C2_DoubleMutant_NPN_vs_DoubleMutant_PN	Эффект среды в ΔΔ: NPN vs PN	gene:FGSG_07394
C2_DoubleMutant_NPN_vs_DoubleMutant_PN	Эффект среды в ΔΔ: NPN vs PN	gene:FGSG_00506
C2_DoubleMutant_NPN_vs_DoubleMutant_PN	Эффект среды в ΔΔ: NPN vs PN	gene:FGSG_01840
C2_DoubleMutant_NPN_vs_DoubleMutant_PN	Эффект среды в ΔΔ: NPN vs PN	gene:FGSG_06557
C2_DoubleMutant_NPN_vs_DoubleMutant_PN	Эффект среды в ΔΔ: NPN vs PN	gene:FGSG_03590
C2_DoubleMutant_NPN_vs_DoubleMutant_PN	Эффект среды в ΔΔ: NPN vs PN	gene:FGSG_09985
C2_DoubleMutant_NPN_vs_DoubleMutant_PN	Эффект среды в ΔΔ: NPN vs PN	gene:FGSG_12426
C2_DoubleMutant_NPN_vs_DoubleMutant_PN	Эффект среды в ΔΔ: NPN vs PN	gene:FGSG_12552
C2_DoubleMutant_NPN_vs_DoubleMutant_PN	Эффект среды в ΔΔ: NPN vs PN	gene:FGSG_10221
C2_DoubleMutant_NPN_vs_DoubleMutant_PN	Эффект среды в ΔΔ: NPN vs PN	gene:FGSG_03125
C2_DoubleMutant_NPN_vs_DoubleMutant_PN	Эффект среды в ΔΔ: NPN vs PN	gene:FGSG_01301
C2_DoubleMutant_NPN_vs_DoubleMutant_PN	Эффект среды в ΔΔ: NPN vs PN	gene:FGSG_03505
C2_DoubleMutant_NPN_vs_DoubleMutant_PN	Эффект среды в ΔΔ: NPN vs PN	gene:FGSG_07815
C2_DoubleMutant_NPN_vs_DoubleMutant_PN	Эффект среды в ΔΔ: NPN vs PN	gene:FGSG_05164
C2_DoubleMutant_NPN_vs_DoubleMutant_PN	Эффект среды в ΔΔ: NPN vs PN	gene:FGSG_06356
C2_DoubleMutant_NPN_vs_DoubleMutant_PN	Эффект среды в ΔΔ: NPN vs PN	gene:FGSG_05343
C2_DoubleMutant_NPN_vs_DoubleMutant_PN	Эффект среды в ΔΔ: NPN vs PN	gene:FGSG_02450
C2_DoubleMutant_NPN_vs_DoubleMutant_PN	Эффект среды в ΔΔ: NPN vs PN	gene:FGSG_08032
C2_DoubleMutant_NPN_vs_DoubleMutant_PN	Эффект среды в ΔΔ: NPN vs PN	gene:FGSG_09409
C2_DoubleMutant_NPN_vs_DoubleMutant_PN	Эффект среды в ΔΔ: NPN vs PN	gene:FGSG_05049
C2_DoubleMutant_NPN_vs_DoubleMutant_PN	Эффект среды в ΔΔ: NPN vs PN	gene:FGSG_02788
C2_DoubleMutant_NPN_vs_DoubleMutant_PN	Эффект среды в ΔΔ: NPN vs PN	gene:FGSG_05211
C2_DoubleMutant_NPN_vs_DoubleMutant_PN	Эффект среды в ΔΔ: NPN vs PN	gene:FGSG_11534
C2_DoubleMutant_NPN_vs_DoubleMutant_PN	Эффект среды в ΔΔ: NPN vs PN	gene:FGSG_11287
C2_DoubleMutant_NPN_vs_DoubleMutant_PN	Эффект среды в ΔΔ: NPN vs PN	gene:FGSG_04493
C2_DoubleMutant_NPN_vs_DoubleMutant_PN	Эффект среды в ΔΔ: NPN vs PN	gene:FGSG_03580
C2_DoubleMutant_NPN_vs_DoubleMutant_PN	Эффект среды в ΔΔ: NPN vs PN	gene:FGSG_06479
C2_DoubleMutant_NPN_vs_DoubleMutant_PN	Эффект среды в ΔΔ: NPN vs PN	gene:FGSG_06528
C2_DoubleMutant_NPN_vs_DoubleMutant_PN	Эффект среды в ΔΔ: NPN vs PN	gene:FGSG_07914
C2_DoubleMutant_NPN_vs_DoubleMutant_PN	Эффект среды в ΔΔ: NPN vs PN	gene:FGSG_13782
C2_DoubleMutant_NPN_vs_DoubleMutant_PN	Эффект среды в ΔΔ: NPN vs PN	gene:FGSG_04281
C2_DoubleMutant_NPN_vs_DoubleMutant_PN	Эффект среды в ΔΔ: NPN vs PN	gene:FGSG_11250
C2_DoubleMutant_NPN_vs_DoubleMutant_PN	Эффект среды в ΔΔ: NPN vs PN	gene:FGSG_12714
C2_DoubleMutant_NPN_vs_DoubleMutant_PN	Эффект среды в ΔΔ: NPN vs PN	gene:FGSG_01838
C2_DoubleMutant_NPN_vs_DoubleMutant_PN	Эффект среды в ΔΔ: NPN vs PN	gene:FGSG_01642
C2_DoubleMutant_NPN_vs_DoubleMutant_PN	Эффект среды в ΔΔ: NPN vs PN	gene:FGSG_07271
C2_DoubleMutant_NPN_vs_DoubleMutant_PN	Эффект среды в ΔΔ: NPN vs PN	gene:FGSG_07566
C2_DoubleMutant_NPN_vs_DoubleMutant_PN	Эффект среды в ΔΔ: NPN vs PN	gene:FGSG_00197
C2_DoubleMutant_NPN_vs_DoubleMutant_PN	Эффект среды в ΔΔ: NPN vs PN	gene:FGSG_10778
C2_DoubleMutant_NPN_vs_DoubleMutant_PN	Эффект среды в ΔΔ: NPN vs PN	gene:FGSG_13578
C2_DoubleMutant_NPN_vs_DoubleMutant_PN	Эффект среды в ΔΔ: NPN vs PN	gene:FGSG_11193
C2_DoubleMutant_NPN_vs_DoubleMutant_PN	Эффект среды в ΔΔ: NPN vs PN	gene:FGSG_12663
C2_DoubleMutant_NPN_vs_DoubleMutant_PN	Эффект среды в ΔΔ: NPN vs PN	gene:FGSG_10343
C2_DoubleMutant_NPN_vs_DoubleMutant_PN	Эффект среды в ΔΔ: NPN vs PN	gene:FGSG_03978
C2_DoubleMutant_NPN_vs_DoubleMutant_PN	Эффект среды в ΔΔ: NPN vs PN	gene:FGSG_06412
C2_DoubleMutant_NPN_vs_DoubleMutant_PN	Эффект среды в ΔΔ: NPN vs PN	gene:FGSG_00338
C2_DoubleMutant_NPN_vs_DoubleMutant_PN	Эффект среды в ΔΔ: NPN vs PN	gene:FGSG_10553
C2_DoubleMutant_NPN_vs_DoubleMutant_PN	Эффект среды в ΔΔ: NPN vs PN	gene:FGSG_12469
C2_DoubleMutant_NPN_vs_DoubleMutant_PN	Эффект среды в ΔΔ: NPN vs PN	gene:FGSG_02776
C2_DoubleMutant_NPN_vs_DoubleMutant_PN	Эффект среды в ΔΔ: NPN vs PN	gene:FGSG_10839
C2_DoubleMutant_NPN_vs_DoubleMutant_PN	Эффект среды в ΔΔ: NPN vs PN	gene:FGSG_12569
C2_DoubleMutant_NPN_vs_DoubleMutant_PN	Эффект среды в ΔΔ: NPN vs PN	gene:FGSG_03830
C2_DoubleMutant_NPN_vs_DoubleMutant_PN	Эффект среды в ΔΔ: NPN vs PN	gene:FGSG_03946
C2_DoubleMutant_NPN_vs_DoubleMutant_PN	Эффект среды в ΔΔ: NPN vs PN	gene:FGSG_13933
C2_DoubleMutant_NPN_vs_DoubleMutant_PN	Эффект среды в ΔΔ: NPN vs PN	gene:FGSG_10425
C2_DoubleMutant_NPN_vs_DoubleMutant_PN	Эффект среды в ΔΔ: NPN vs PN	gene:FGSG_11635
C2_DoubleMutant_NPN_vs_DoubleMutant_PN	Эффект среды в ΔΔ: NPN vs PN	gene:FGSG_11690
C2_DoubleMutant_NPN_vs_DoubleMutant_PN	Эффект среды в ΔΔ: NPN vs PN	gene:FGSG_06215
C2_DoubleMutant_NPN_vs_DoubleMutant_PN	Эффект среды в ΔΔ: NPN vs PN	gene:FGSG_08936
C2_DoubleMutant_NPN_vs_DoubleMutant_PN	Эффект среды в ΔΔ: NPN vs PN	gene:FGSG_13625
C2_DoubleMutant_NPN_vs_DoubleMutant_PN	Эффект среды в ΔΔ: NPN vs PN	gene:FGSG_04426
C2_DoubleMutant_NPN_vs_DoubleMutant_PN	Эффект среды в ΔΔ: NPN vs PN	gene:FGSG_10857
C2_DoubleMutant_NPN_vs_DoubleMutant_PN	Эффект среды в ΔΔ: NPN vs PN	gene:FGSG_11741
C2_DoubleMutant_NPN_vs_DoubleMutant_PN	Эффект среды в ΔΔ: NPN vs PN	gene:FGSG_08389
C2_DoubleMutant_NPN_vs_DoubleMutant_PN	Эффект среды в ΔΔ: NPN vs PN	gene:FGSG_04432
C2_DoubleMutant_NPN_vs_DoubleMutant_PN	Эффект среды в ΔΔ: NPN vs PN	gene:FGSG_05294
C2_DoubleMutant_NPN_vs_DoubleMutant_PN	Эффект среды в ΔΔ: NPN vs PN	gene:FGSG_03014
C2_DoubleMutant_NPN_vs_DoubleMutant_PN	Эффект среды в ΔΔ: NPN vs PN	gene:FGSG_08159
C2_DoubleMutant_NPN_vs_DoubleMutant_PN	Эффект среды в ΔΔ: NPN vs PN	gene:FGSG_06554
C2_DoubleMutant_NPN_vs_DoubleMutant_PN	Эффект среды в ΔΔ: NPN vs PN	gene:FGSG_06834
C2_DoubleMutant_NPN_vs_DoubleMutant_PN	Эффект среды в ΔΔ: NPN vs PN	gene:FGSG_03985
C2_DoubleMutant_NPN_vs_DoubleMutant_PN	Эффект среды в ΔΔ: NPN vs PN	gene:FGSG_01975
C2_DoubleMutant_NPN_vs_DoubleMutant_PN	Эффект среды в ΔΔ: NPN vs PN	gene:FGSG_04631
C2_DoubleMutant_NPN_vs_DoubleMutant_PN	Эффект среды в ΔΔ: NPN vs PN	gene:FGSG_01947
C2_DoubleMutant_NPN_vs_DoubleMutant_PN	Эффект среды в ΔΔ: NPN vs PN	gene:FGSG_08569
C2_DoubleMutant_NPN_vs_DoubleMutant_PN	Эффект среды в ΔΔ: NPN vs PN	gene:FGSG_03989
C2_DoubleMutant_NPN_vs_DoubleMutant_PN	Эффект среды в ΔΔ: NPN vs PN	gene:FGSG_13590
C2_DoubleMutant_NPN_vs_DoubleMutant_PN	Эффект среды в ΔΔ: NPN vs PN	gene:FGSG_04782
C2_DoubleMutant_NPN_vs_DoubleMutant_PN	Эффект среды в ΔΔ: NPN vs PN	gene:FGSG_13503
C2_DoubleMutant_NPN_vs_DoubleMutant_PN	Эффект среды в ΔΔ: NPN vs PN	gene:FGSG_00807
C2_DoubleMutant_NPN_vs_DoubleMutant_PN	Эффект среды в ΔΔ: NPN vs PN	gene:FGSG_03671
C2_DoubleMutant_NPN_vs_DoubleMutant_PN	Эффект среды в ΔΔ: NPN vs PN	gene:FGSG_05722
C2_DoubleMutant_NPN_vs_DoubleMutant_PN	Эффект среды в ΔΔ: NPN vs PN	gene:FGSG_08847
C2_DoubleMutant_NPN_vs_DoubleMutant_PN	Эффект среды в ΔΔ: NPN vs PN	gene:FGSG_00513
C2_DoubleMutant_NPN_vs_DoubleMutant_PN	Эффект среды в ΔΔ: NPN vs PN	gene:FGSG_06830
C2_DoubleMutant_NPN_vs_DoubleMutant_PN	Эффект среды в ΔΔ: NPN vs PN	gene:FGSG_12738
C2_DoubleMutant_NPN_vs_DoubleMutant_PN	Эффект среды в ΔΔ: NPN vs PN	gene:FGSG_10201
C2_DoubleMutant_NPN_vs_DoubleMutant_PN	Эффект среды в ΔΔ: NPN vs PN	gene:FGSG_04793
C2_DoubleMutant_NPN_vs_DoubleMutant_PN	Эффект среды в ΔΔ: NPN vs PN	gene:FGSG_07672
C2_DoubleMutant_NPN_vs_DoubleMutant_PN	Эффект среды в ΔΔ: NPN vs PN	gene:FGSG_05809
C2_DoubleMutant_NPN_vs_DoubleMutant_PN	Эффект среды в ΔΔ: NPN vs PN	gene:FGSG_11696
C2_DoubleMutant_NPN_vs_DoubleMutant_PN	Эффект среды в ΔΔ: NPN vs PN	gene:FGSG_05186
C2_DoubleMutant_NPN_vs_DoubleMutant_PN	Эффект среды в ΔΔ: NPN vs PN	gene:FGSG_13799
C2_DoubleMutant_NPN_vs_DoubleMutant_PN	Эффект среды в ΔΔ: NPN vs PN	gene:FGSG_03390
C2_DoubleMutant_NPN_vs_DoubleMutant_PN	Эффект среды в ΔΔ: NPN vs PN	gene:FGSG_03881
C2_DoubleMutant_NPN_vs_DoubleMutant_PN	Эффект среды в ΔΔ: NPN vs PN	gene:FGSG_11846
C2_DoubleMutant_NPN_vs_DoubleMutant_PN	Эффект среды в ΔΔ: NPN vs PN	gene:FGSG_02685
C2_DoubleMutant_NPN_vs_DoubleMutant_PN	Эффект среды в ΔΔ: NPN vs PN	gene:FGSG_04536
C2_DoubleMutant_NPN_vs_DoubleMutant_PN	Эффект среды в ΔΔ: NPN vs PN	gene:FGSG_08757
C2_DoubleMutant_NPN_vs_DoubleMutant_PN	Эффект среды в ΔΔ: NPN vs PN	gene:FGSG_13298
C2_DoubleMutant_NPN_vs_DoubleMutant_PN	Эффект среды в ΔΔ: NPN vs PN	gene:FGSG_03219
C2_DoubleMutant_NPN_vs_DoubleMutant_PN	Эффект среды в ΔΔ: NPN vs PN	gene:FGSG_06684
C2_DoubleMutant_NPN_vs_DoubleMutant_PN	Эффект среды в ΔΔ: NPN vs PN	gene:FGSG_13188
C2_DoubleMutant_NPN_vs_DoubleMutant_PN	Эффект среды в ΔΔ: NPN vs PN	gene:FGSG_07027
C2_DoubleMutant_NPN_vs_DoubleMutant_PN	Эффект среды в ΔΔ: NPN vs PN	gene:FGSG_03057
C2_DoubleMutant_NPN_vs_DoubleMutant_PN	Эффект среды в ΔΔ: NPN vs PN	gene:FGSG_03880
C2_DoubleMutant_NPN_vs_DoubleMutant_PN	Эффект среды в ΔΔ: NPN vs PN	gene:FGSG_07072
C2_DoubleMutant_NPN_vs_DoubleMutant_PN	Эффект среды в ΔΔ: NPN vs PN	gene:FGSG_13174
C2_DoubleMutant_NPN_vs_DoubleMutant_PN	Эффект среды в ΔΔ: NPN vs PN	gene:FGSG_03103
C2_DoubleMutant_NPN_vs_DoubleMutant_PN	Эффект среды в ΔΔ: NPN vs PN	gene:FGSG_10408
C2_DoubleMutant_NPN_vs_DoubleMutant_PN	Эффект среды в ΔΔ: NPN vs PN	gene:FGSG_08170
C2_DoubleMutant_NPN_vs_DoubleMutant_PN	Эффект среды в ΔΔ: NPN vs PN	gene:FGSG_12868
C2_DoubleMutant_NPN_vs_DoubleMutant_PN	Эффект среды в ΔΔ: NPN vs PN	gene:FGSG_11394
C2_DoubleMutant_NPN_vs_DoubleMutant_PN	Эффект среды в ΔΔ: NPN vs PN	gene:FGSG_00805
C2_DoubleMutant_NPN_vs_DoubleMutant_PN	Эффект среды в ΔΔ: NPN vs PN	gene:FGSG_12051
C2_DoubleMutant_NPN_vs_DoubleMutant_PN	Эффект среды в ΔΔ: NPN vs PN	gene:FGSG_03919
C2_DoubleMutant_NPN_vs_DoubleMutant_PN	Эффект среды в ΔΔ: NPN vs PN	gene:FGSG_12383
C2_DoubleMutant_NPN_vs_DoubleMutant_PN	Эффект среды в ΔΔ: NPN vs PN	gene:FGSG_08261
C2_DoubleMutant_NPN_vs_DoubleMutant_PN	Эффект среды в ΔΔ: NPN vs PN	gene:FGSG_03330
C2_DoubleMutant_NPN_vs_DoubleMutant_PN	Эффект среды в ΔΔ: NPN vs PN	gene:FGSG_11494
C2_DoubleMutant_NPN_vs_DoubleMutant_PN	Эффект среды в ΔΔ: NPN vs PN	gene:FGSG_01221
C2_DoubleMutant_NPN_vs_DoubleMutant_PN	Эффект среды в ΔΔ: NPN vs PN	gene:FGSG_09202
C2_DoubleMutant_NPN_vs_DoubleMutant_PN	Эффект среды в ΔΔ: NPN vs PN	gene:FGSG_11564
C2_DoubleMutant_NPN_vs_DoubleMutant_PN	Эффект среды в ΔΔ: NPN vs PN	gene:FGSG_00806
C2_DoubleMutant_NPN_vs_DoubleMutant_PN	Эффект среды в ΔΔ: NPN vs PN	gene:FGSG_04836
C2_DoubleMutant_NPN_vs_DoubleMutant_PN	Эффект среды в ΔΔ: NPN vs PN	gene:FGSG_12646
C2_DoubleMutant_NPN_vs_DoubleMutant_PN	Эффект среды в ΔΔ: NPN vs PN	gene:FGSG_01869
C2_DoubleMutant_NPN_vs_DoubleMutant_PN	Эффект среды в ΔΔ: NPN vs PN	gene:FGSG_13521
C2_DoubleMutant_NPN_vs_DoubleMutant_PN	Эффект среды в ΔΔ: NPN vs PN	gene:FGSG_00084
C2_DoubleMutant_NPN_vs_DoubleMutant_PN	Эффект среды в ΔΔ: NPN vs PN	gene:FGSG_11072
C2_DoubleMutant_NPN_vs_DoubleMutant_PN	Эффект среды в ΔΔ: NPN vs PN	gene:FGSG_01813
C2_DoubleMutant_NPN_vs_DoubleMutant_PN	Эффект среды в ΔΔ: NPN vs PN	gene:FGSG_01717
C2_DoubleMutant_NPN_vs_DoubleMutant_PN	Эффект среды в ΔΔ: NPN vs PN	gene:FGSG_03361
C2_DoubleMutant_NPN_vs_DoubleMutant_PN	Эффект среды в ΔΔ: NPN vs PN	gene:FGSG_12562
C2_DoubleMutant_NPN_vs_DoubleMutant_PN	Эффект среды в ΔΔ: NPN vs PN	gene:FGSG_12048
C2_DoubleMutant_NPN_vs_DoubleMutant_PN	Эффект среды в ΔΔ: NPN vs PN	gene:FGSG_08590
C2_DoubleMutant_NPN_vs_DoubleMutant_PN	Эффект среды в ΔΔ: NPN vs PN	gene:FGSG_20533
C2_DoubleMutant_NPN_vs_DoubleMutant_PN	Эффект среды в ΔΔ: NPN vs PN	gene:FGSG_03904
C2_DoubleMutant_NPN_vs_DoubleMutant_PN	Эффект среды в ΔΔ: NPN vs PN	gene:FGSG_11958
C2_DoubleMutant_NPN_vs_DoubleMutant_PN	Эффект среды в ΔΔ: NPN vs PN	gene:FGSG_07529
C2_DoubleMutant_NPN_vs_DoubleMutant_PN	Эффект среды в ΔΔ: NPN vs PN	gene:FGSG_08547
C2_DoubleMutant_NPN_vs_DoubleMutant_PN	Эффект среды в ΔΔ: NPN vs PN	gene:FGSG_05988
C2_DoubleMutant_NPN_vs_DoubleMutant_PN	Эффект среды в ΔΔ: NPN vs PN	gene:FGSG_06535
C2_DoubleMutant_NPN_vs_DoubleMutant_PN	Эффект среды в ΔΔ: NPN vs PN	gene:FGSG_03522
C2_DoubleMutant_NPN_vs_DoubleMutant_PN	Эффект среды в ΔΔ: NPN vs PN	gene:FGSG_08925
C2_DoubleMutant_NPN_vs_DoubleMutant_PN	Эффект среды в ΔΔ: NPN vs PN	gene:FGSG_11980
C2_DoubleMutant_NPN_vs_DoubleMutant_PN	Эффект среды в ΔΔ: NPN vs PN	gene:FGSG_08991
C2_DoubleMutant_NPN_vs_DoubleMutant_PN	Эффект среды в ΔΔ: NPN vs PN	gene:FGSG_10103
C2_DoubleMutant_NPN_vs_DoubleMutant_PN	Эффект среды в ΔΔ: NPN vs PN	gene:FGSG_11909
C2_DoubleMutant_NPN_vs_DoubleMutant_PN	Эффект среды в ΔΔ: NPN vs PN	gene:FGSG_13071
C2_DoubleMutant_NPN_vs_DoubleMutant_PN	Эффект среды в ΔΔ: NPN vs PN	gene:FGSG_08140
C2_DoubleMutant_NPN_vs_DoubleMutant_PN	Эффект среды в ΔΔ: NPN vs PN	gene:FGSG_11423
C2_DoubleMutant_NPN_vs_DoubleMutant_PN	Эффект среды в ΔΔ: NPN vs PN	gene:FGSG_11709
C2_DoubleMutant_NPN_vs_DoubleMutant_PN	Эффект среды в ΔΔ: NPN vs PN	gene:FGSG_00531
C2_DoubleMutant_NPN_vs_DoubleMutant_PN	Эффект среды в ΔΔ: NPN vs PN	gene:FGSG_13335
C2_DoubleMutant_NPN_vs_DoubleMutant_PN	Эффект среды в ΔΔ: NPN vs PN	gene:FGSG_03323
C2_DoubleMutant_NPN_vs_DoubleMutant_PN	Эффект среды в ΔΔ: NPN vs PN	gene:FGSG_02856
C2_DoubleMutant_NPN_vs_DoubleMutant_PN	Эффект среды в ΔΔ: NPN vs PN	gene:FGSG_10759
C2_DoubleMutant_NPN_vs_DoubleMutant_PN	Эффект среды в ΔΔ: NPN vs PN	gene:FGSG_02610
C2_DoubleMutant_NPN_vs_DoubleMutant_PN	Эффект среды в ΔΔ: NPN vs PN	gene:FGSG_03376
C2_DoubleMutant_NPN_vs_DoubleMutant_PN	Эффект среды в ΔΔ: NPN vs PN	gene:FGSG_13147
C2_DoubleMutant_NPN_vs_DoubleMutant_PN	Эффект среды в ΔΔ: NPN vs PN	gene:FGSG_11605
C2_DoubleMutant_NPN_vs_DoubleMutant_PN	Эффект среды в ΔΔ: NPN vs PN	gene:FGSG_05362
C2_DoubleMutant_NPN_vs_DoubleMutant_PN	Эффект среды в ΔΔ: NPN vs PN	gene:FGSG_08341
C2_DoubleMutant_NPN_vs_DoubleMutant_PN	Эффект среды в ΔΔ: NPN vs PN	gene:FGSG_02307
C2_DoubleMutant_NPN_vs_DoubleMutant_PN	Эффект среды в ΔΔ: NPN vs PN	gene:FGSG_00535
C2_DoubleMutant_NPN_vs_DoubleMutant_PN	Эффект среды в ΔΔ: NPN vs PN	gene:FGSG_06516
C2_DoubleMutant_NPN_vs_DoubleMutant_PN	Эффект среды в ΔΔ: NPN vs PN	gene:FGSG_05935
C2_DoubleMutant_NPN_vs_DoubleMutant_PN	Эффект среды в ΔΔ: NPN vs PN	gene:FGSG_10552
C2_DoubleMutant_NPN_vs_DoubleMutant_PN	Эффект среды в ΔΔ: NPN vs PN	gene:FGSG_13837
C2_DoubleMutant_NPN_vs_DoubleMutant_PN	Эффект среды в ΔΔ: NPN vs PN	gene:FGSG_13116
C2_DoubleMutant_NPN_vs_DoubleMutant_PN	Эффект среды в ΔΔ: NPN vs PN	gene:FGSG_08101
C2_DoubleMutant_NPN_vs_DoubleMutant_PN	Эффект среды в ΔΔ: NPN vs PN	gene:FGSG_03037
C2_DoubleMutant_NPN_vs_DoubleMutant_PN	Эффект среды в ΔΔ: NPN vs PN	gene:FGSG_03136
C2_DoubleMutant_NPN_vs_DoubleMutant_PN	Эффект среды в ΔΔ: NPN vs PN	gene:FGSG_09187
C2_DoubleMutant_NPN_vs_DoubleMutant_PN	Эффект среды в ΔΔ: NPN vs PN	gene:FGSG_00602
C2_DoubleMutant_NPN_vs_DoubleMutant_PN	Эффект среды в ΔΔ: NPN vs PN	gene:FGSG_07450
C2_DoubleMutant_NPN_vs_DoubleMutant_PN	Эффект среды в ΔΔ: NPN vs PN	gene:FGSG_04417
C2_DoubleMutant_NPN_vs_DoubleMutant_PN	Эффект среды в ΔΔ: NPN vs PN	gene:FGSG_00785
C2_DoubleMutant_NPN_vs_DoubleMutant_PN	Эффект среды в ΔΔ: NPN vs PN	gene:FGSG_00107
C2_DoubleMutant_NPN_vs_DoubleMutant_PN	Эффект среды в ΔΔ: NPN vs PN	gene:FGSG_00488
C2_DoubleMutant_NPN_vs_DoubleMutant_PN	Эффект среды в ΔΔ: NPN vs PN	gene:FGSG_08232
C2_DoubleMutant_NPN_vs_DoubleMutant_PN	Эффект среды в ΔΔ: NPN vs PN	gene:FGSG_04214
C2_DoubleMutant_NPN_vs_DoubleMutant_PN	Эффект среды в ΔΔ: NPN vs PN	gene:FGSG_05984
C2_DoubleMutant_NPN_vs_DoubleMutant_PN	Эффект среды в ΔΔ: NPN vs PN	gene:FGSG_02223
C2_DoubleMutant_NPN_vs_DoubleMutant_PN	Эффект среды в ΔΔ: NPN vs PN	gene:FGSG_12321
C2_DoubleMutant_NPN_vs_DoubleMutant_PN	Эффект среды в ΔΔ: NPN vs PN	gene:FGSG_11920
C2_DoubleMutant_NPN_vs_DoubleMutant_PN	Эффект среды в ΔΔ: NPN vs PN	gene:FGSG_10052
C2_DoubleMutant_NPN_vs_DoubleMutant_PN	Эффект среды в ΔΔ: NPN vs PN	gene:FGSG_13501
C2_DoubleMutant_NPN_vs_DoubleMutant_PN	Эффект среды в ΔΔ: NPN vs PN	gene:FGSG_06380
C2_DoubleMutant_NPN_vs_DoubleMutant_PN	Эффект среды в ΔΔ: NPN vs PN	gene:FGSG_07885
C2_DoubleMutant_NPN_vs_DoubleMutant_PN	Эффект среды в ΔΔ: NPN vs PN	gene:FGSG_13672
C2_DoubleMutant_NPN_vs_DoubleMutant_PN	Эффект среды в ΔΔ: NPN vs PN	gene:FGSG_03699
C2_DoubleMutant_NPN_vs_DoubleMutant_PN	Эффект среды в ΔΔ: NPN vs PN	gene:FGSG_00453
C2_DoubleMutant_NPN_vs_DoubleMutant_PN	Эффект среды в ΔΔ: NPN vs PN	gene:FGSG_03025
C2_DoubleMutant_NPN_vs_DoubleMutant_PN	Эффект среды в ΔΔ: NPN vs PN	gene:FGSG_12268
C2_DoubleMutant_NPN_vs_DoubleMutant_PN	Эффект среды в ΔΔ: NPN vs PN	gene:FGSG_08044
C2_DoubleMutant_NPN_vs_DoubleMutant_PN	Эффект среды в ΔΔ: NPN vs PN	gene:FGSG_11381
C2_DoubleMutant_NPN_vs_DoubleMutant_PN	Эффект среды в ΔΔ: NPN vs PN	gene:FGSG_04244
C2_DoubleMutant_NPN_vs_DoubleMutant_PN	Эффект среды в ΔΔ: NPN vs PN	gene:FGSG_09068
C2_DoubleMutant_NPN_vs_DoubleMutant_PN	Эффект среды в ΔΔ: NPN vs PN	gene:FGSG_03322
C2_DoubleMutant_NPN_vs_DoubleMutant_PN	Эффект среды в ΔΔ: NPN vs PN	gene:FGSG_11559
C2_DoubleMutant_NPN_vs_DoubleMutant_PN	Эффект среды в ΔΔ: NPN vs PN	gene:FGSG_06460
C2_DoubleMutant_NPN_vs_DoubleMutant_PN	Эффект среды в ΔΔ: NPN vs PN	gene:FGSG_00652
C2_DoubleMutant_NPN_vs_DoubleMutant_PN	Эффект среды в ΔΔ: NPN vs PN	gene:FGSG_12986
C2_DoubleMutant_NPN_vs_DoubleMutant_PN	Эффект среды в ΔΔ: NPN vs PN	gene:FGSG_01143
C2_DoubleMutant_NPN_vs_DoubleMutant_PN	Эффект среды в ΔΔ: NPN vs PN	gene:FGSG_03896
C2_DoubleMutant_NPN_vs_DoubleMutant_PN	Эффект среды в ΔΔ: NPN vs PN	gene:FGSG_07698
C2_DoubleMutant_NPN_vs_DoubleMutant_PN	Эффект среды в ΔΔ: NPN vs PN	gene:FGSG_08534
C2_DoubleMutant_NPN_vs_DoubleMutant_PN	Эффект среды в ΔΔ: NPN vs PN	gene:FGSG_05034
C2_DoubleMutant_NPN_vs_DoubleMutant_PN	Эффект среды в ΔΔ: NPN vs PN	gene:FGSG_06396
C2_DoubleMutant_NPN_vs_DoubleMutant_PN	Эффект среды в ΔΔ: NPN vs PN	gene:FGSG_12136
C2_DoubleMutant_NPN_vs_DoubleMutant_PN	Эффект среды в ΔΔ: NPN vs PN	gene:FGSG_00764
C2_DoubleMutant_NPN_vs_DoubleMutant_PN	Эффект среды в ΔΔ: NPN vs PN	gene:FGSG_04855
C2_DoubleMutant_NPN_vs_DoubleMutant_PN	Эффект среды в ΔΔ: NPN vs PN	gene:FGSG_03972
C2_DoubleMutant_NPN_vs_DoubleMutant_PN	Эффект среды в ΔΔ: NPN vs PN	gene:FGSG_03325
C2_DoubleMutant_NPN_vs_DoubleMutant_PN	Эффект среды в ΔΔ: NPN vs PN	gene:FGSG_08504
C2_DoubleMutant_NPN_vs_DoubleMutant_PN	Эффект среды в ΔΔ: NPN vs PN	gene:FGSG_10616
C2_DoubleMutant_NPN_vs_DoubleMutant_PN	Эффект среды в ΔΔ: NPN vs PN	gene:FGSG_09358
C2_DoubleMutant_NPN_vs_DoubleMutant_PN	Эффект среды в ΔΔ: NPN vs PN	gene:FGSG_08804
C2_DoubleMutant_NPN_vs_DoubleMutant_PN	Эффект среды в ΔΔ: NPN vs PN	gene:FGSG_07010
C2_DoubleMutant_NPN_vs_DoubleMutant_PN	Эффект среды в ΔΔ: NPN vs PN	gene:FGSG_13632
C2_DoubleMutant_NPN_vs_DoubleMutant_PN	Эффект среды в ΔΔ: NPN vs PN	gene:FGSG_01747
C2_DoubleMutant_NPN_vs_DoubleMutant_PN	Эффект среды в ΔΔ: NPN vs PN	gene:FGSG_20726
C2_DoubleMutant_NPN_vs_DoubleMutant_PN	Эффект среды в ΔΔ: NPN vs PN	gene:FGSG_03519
C2_DoubleMutant_NPN_vs_DoubleMutant_PN	Эффект среды в ΔΔ: NPN vs PN	gene:FGSG_13530
C2_DoubleMutant_NPN_vs_DoubleMutant_PN	Эффект среды в ΔΔ: NPN vs PN	gene:FGSG_02869
C2_DoubleMutant_NPN_vs_DoubleMutant_PN	Эффект среды в ΔΔ: NPN vs PN	gene:FGSG_11974
C2_DoubleMutant_NPN_vs_DoubleMutant_PN	Эффект среды в ΔΔ: NPN vs PN	gene:FGSG_12234
C2_DoubleMutant_NPN_vs_DoubleMutant_PN	Эффект среды в ΔΔ: NPN vs PN	gene:FGSG_02158
C2_DoubleMutant_NPN_vs_DoubleMutant_PN	Эффект среды в ΔΔ: NPN vs PN	gene:FGSG_06712
C2_DoubleMutant_NPN_vs_DoubleMutant_PN	Эффект среды в ΔΔ: NPN vs PN	gene:FGSG_11143
C2_DoubleMutant_NPN_vs_DoubleMutant_PN	Эффект среды в ΔΔ: NPN vs PN	gene:FGSG_13546
C2_DoubleMutant_NPN_vs_DoubleMutant_PN	Эффект среды в ΔΔ: NPN vs PN	gene:FGSG_07160
C2_DoubleMutant_NPN_vs_DoubleMutant_PN	Эффект среды в ΔΔ: NPN vs PN	gene:FGSG_06304
C2_DoubleMutant_NPN_vs_DoubleMutant_PN	Эффект среды в ΔΔ: NPN vs PN	gene:FGSG_04967
C2_DoubleMutant_NPN_vs_DoubleMutant_PN	Эффект среды в ΔΔ: NPN vs PN	gene:FGSG_08764
C2_DoubleMutant_NPN_vs_DoubleMutant_PN	Эффект среды в ΔΔ: NPN vs PN	gene:FGSG_08068
C2_DoubleMutant_NPN_vs_DoubleMutant_PN	Эффект среды в ΔΔ: NPN vs PN	gene:FGSG_13042
C2_DoubleMutant_NPN_vs_DoubleMutant_PN	Эффект среды в ΔΔ: NPN vs PN	gene:FGSG_13148
C2_DoubleMutant_NPN_vs_DoubleMutant_PN	Эффект среды в ΔΔ: NPN vs PN	gene:FGSG_13272
C2_DoubleMutant_NPN_vs_DoubleMutant_PN	Эффект среды в ΔΔ: NPN vs PN	gene:FGSG_02061
C2_DoubleMutant_NPN_vs_DoubleMutant_PN	Эффект среды в ΔΔ: NPN vs PN	gene:FGSG_02296
C2_DoubleMutant_NPN_vs_DoubleMutant_PN	Эффект среды в ΔΔ: NPN vs PN	gene:FGSG_01829
C2_DoubleMutant_NPN_vs_DoubleMutant_PN	Эффект среды в ΔΔ: NPN vs PN	gene:FGSG_08239
C2_DoubleMutant_NPN_vs_DoubleMutant_PN	Эффект среды в ΔΔ: NPN vs PN	gene:FGSG_04138
C2_DoubleMutant_NPN_vs_DoubleMutant_PN	Эффект среды в ΔΔ: NPN vs PN	gene:FGSG_13948
C2_DoubleMutant_NPN_vs_DoubleMutant_PN	Эффект среды в ΔΔ: NPN vs PN	gene:FGSG_11684
C2_DoubleMutant_NPN_vs_DoubleMutant_PN	Эффект среды в ΔΔ: NPN vs PN	gene:FGSG_12586
C2_DoubleMutant_NPN_vs_DoubleMutant_PN	Эффект среды в ΔΔ: NPN vs PN	gene:FGSG_09416
C2_DoubleMutant_NPN_vs_DoubleMutant_PN	Эффект среды в ΔΔ: NPN vs PN	gene:FGSG_14030
C2_DoubleMutant_NPN_vs_DoubleMutant_PN	Эффект среды в ΔΔ: NPN vs PN	gene:FGSG_03258
C2_DoubleMutant_NPN_vs_DoubleMutant_PN	Эффект среды в ΔΔ: NPN vs PN	gene:FGSG_11529
C2_DoubleMutant_NPN_vs_DoubleMutant_PN	Эффект среды в ΔΔ: NPN vs PN	gene:FGSG_12751
C2_DoubleMutant_NPN_vs_DoubleMutant_PN	Эффект среды в ΔΔ: NPN vs PN	gene:FGSG_13701
C2_DoubleMutant_NPN_vs_DoubleMutant_PN	Эффект среды в ΔΔ: NPN vs PN	gene:FGSG_11234
C2_DoubleMutant_NPN_vs_DoubleMutant_PN	Эффект среды в ΔΔ: NPN vs PN	gene:FGSG_01983
C2_DoubleMutant_NPN_vs_DoubleMutant_PN	Эффект среды в ΔΔ: NPN vs PN	gene:FGSG_07156
C2_DoubleMutant_NPN_vs_DoubleMutant_PN	Эффект среды в ΔΔ: NPN vs PN	gene:FGSG_13800
C2_DoubleMutant_NPN_vs_DoubleMutant_PN	Эффект среды в ΔΔ: NPN vs PN	gene:FGSG_00129
C2_DoubleMutant_NPN_vs_DoubleMutant_PN	Эффект среды в ΔΔ: NPN vs PN	gene:FGSG_10712
C2_DoubleMutant_NPN_vs_DoubleMutant_PN	Эффект среды в ΔΔ: NPN vs PN	gene:FGSG_02583
C2_DoubleMutant_NPN_vs_DoubleMutant_PN	Эффект среды в ΔΔ: NPN vs PN	gene:FGSG_12720
C2_DoubleMutant_NPN_vs_DoubleMutant_PN	Эффект среды в ΔΔ: NPN vs PN	gene:FGSG_06433
C2_DoubleMutant_NPN_vs_DoubleMutant_PN	Эффект среды в ΔΔ: NPN vs PN	gene:FGSG_09181
C3_DoubleMutant_PN_vs_WT_PN	Эффект генотипа в PN: ΔΔ vs WT	gene:FGSG_12745
C3_DoubleMutant_PN_vs_WT_PN	Эффект генотипа в PN: ΔΔ vs WT	gene:FGSG_05697
C3_DoubleMutant_PN_vs_WT_PN	Эффект генотипа в PN: ΔΔ vs WT	gene:FGSG_03402
C3_DoubleMutant_PN_vs_WT_PN	Эффект генотипа в PN: ΔΔ vs WT	gene:FGSG_02019
C3_DoubleMutant_PN_vs_WT_PN	Эффект генотипа в PN: ΔΔ vs WT	gene:FGSG_01695
C4_DoubleMutant_NPN_vs_WT_NPN	Эффект генотипа в NPN: ΔΔ vs WT	gene:FGSG_02783
C4_DoubleMutant_NPN_vs_WT_NPN	Эффект генотипа в NPN: ΔΔ vs WT	gene:FGSG_11129
C4_DoubleMutant_NPN_vs_WT_NPN	Эффект генотипа в NPN: ΔΔ vs WT	gene:FGSG_08377
C4_DoubleMutant_NPN_vs_WT_NPN	Эффект генотипа в NPN: ΔΔ vs WT	gene:FGSG_02034
C4_DoubleMutant_NPN_vs_WT_NPN	Эффект генотипа в NPN: ΔΔ vs WT	gene:FGSG_07670
C4_DoubleMutant_NPN_vs_WT_NPN	Эффект генотипа в NPN: ΔΔ vs WT	gene:FGSG_07835
C4_DoubleMutant_NPN_vs_WT_NPN	Эффект генотипа в NPN: ΔΔ vs WT	gene:FGSG_11492
C4_DoubleMutant_NPN_vs_WT_NPN	Эффект генотипа в NPN: ΔΔ vs WT	gene:FGSG_02968
C4_DoubleMutant_NPN_vs_WT_NPN	Эффект генотипа в NPN: ΔΔ vs WT	gene:FGSG_13757
C4_DoubleMutant_NPN_vs_WT_NPN	Эффект генотипа в NPN: ΔΔ vs WT	gene:FGSG_03128
C4_DoubleMutant_NPN_vs_WT_NPN	Эффект генотипа в NPN: ΔΔ vs WT	gene:FGSG_04459
C4_DoubleMutant_NPN_vs_WT_NPN	Эффект генотипа в NPN: ΔΔ vs WT	gene:FGSG_04823
C4_DoubleMutant_NPN_vs_WT_NPN	Эффект генотипа в NPN: ΔΔ vs WT	gene:FGSG_10844
C4_DoubleMutant_NPN_vs_WT_NPN	Эффект генотипа в NPN: ΔΔ vs WT	gene:FGSG_13645
C4_DoubleMutant_NPN_vs_WT_NPN	Эффект генотипа в NPN: ΔΔ vs WT	gene:FGSG_05793
C4_DoubleMutant_NPN_vs_WT_NPN	Эффект генотипа в NPN: ΔΔ vs WT	gene:FGSG_13627
C4_DoubleMutant_NPN_vs_WT_NPN	Эффект генотипа в NPN: ΔΔ vs WT	gene:FGSG_02626
C4_DoubleMutant_NPN_vs_WT_NPN	Эффект генотипа в NPN: ΔΔ vs WT	gene:FGSG_02679
C4_DoubleMutant_NPN_vs_WT_NPN	Эффект генотипа в NPN: ΔΔ vs WT	gene:FGSG_13860
